"","Day","Step","Row","Column","X","Y","Agent"
"1",59,34,1064,69,-124.1626389117,40.1290281323,1
"2",56,36,1957,899,-117.2459725217,32.6873617633,2
"3",61,33,1828,761,-118.3959724757,33.7623617203,3
"4",60,31,1658,476,-120.7709723807,35.1790283303,4
"5",56,39,547,79,-124.0793055817,44.4373612933,5
"6",61,35,1619,445,-121.0293057037,35.5040283173,6
"7",62,33,1283,201,-123.0626389557,38.3040282053,7
"8",61,35,1543,531,-120.3126390657,36.1373616253,8
"9",59,35,1177,116,-123.7709722607,39.1873615033,9
"10",70,34,1783,671,-119.1459724457,34.1373617053,10
"11",57,34,1444,334,-121.9543056667,36.9623615923,11
"12",65,37,1958,899,-117.2459725217,32.6790284303,12
"13",60,32,1974,915,-117.1126391937,32.5456951023,13
"14",56,32,329,98,-123.9209722547,46.2540278873,14
"15",64,39,1282,201,-123.0626389557,38.3123615383,15
"16",58,33,1315,220,-122.9043056287,38.0373615493,16
"17",64,34,1974,915,-117.1126391937,32.5456951023,17
"18",56,34,1378,330,-121.9876389987,37.5123615703,18
"19",59,39,1643,465,-120.8626390437,35.3040283253,19
"20",59,38,1975,915,-117.1126391937,32.5373617693,20
"21",56,37,1308,397,-121.4293056877,38.0956948803,21
"22",59,39,1502,508,-120.5043057247,36.4790282783,22
"23",61,36,1628,595,-119.7793057537,35.4290283203,23
"24",61,37,1786,673,-119.1293057797,34.1123617063,24
"25",58,40,1765,650,-119.3209724387,34.2873616993,25
"26",59,39,1958,899,-117.2459725217,32.6790284303,26
"27",56,34,1830,761,-118.3959724757,33.7456950543,27
"28",59,36,1635,469,-120.8293057117,35.3706949893,28
"29",62,31,1445,331,-121.9793056657,36.9540282593,29
"30",60,31,1609,805,-118.0293058237,35.5873616473,30
"31",61,36,1376,329,-121.9959723317,37.5290282363,31
"32",61,35,675,49,-124.3293055717,43.3706946693,32
"33",62,37,1374,329,-121.9959723317,37.5456949023,33
"34",58,33,1787,673,-119.1293057797,34.1040283733,34
"35",61,35,1830,761,-118.3959724757,33.7456950543,35
"36",58,39,1233,153,-123.4626389397,38.7206948553,36
"37",59,37,1282,201,-123.0626389557,38.3123615383,37
"38",59,33,1061,65,-124.1959722437,40.1540281313,38
"39",58,34,1331,245,-122.6959723037,37.9040282213,39
"40",56,40,1635,583,-119.8793057497,35.3706949893,40
"41",55,34,547,80,-124.0709722487,44.4373612933,41
"42",58,37,1958,899,-117.2459725217,32.6790284303,42
"43",64,30,1573,-66,-125.2876388667,35.8873616353,43
"44",62,39,1283,201,-123.0626389557,38.3040282053,44
"45",63,38,1281,201,-123.0626389557,38.3206948713,45
"46",60,34,1601,422,-121.2209723627,35.6540283113,46
"47",57,38,1599,416,-121.2709723607,35.6706949773,47
"48",61,37,1953,908,-117.1709725247,32.7206950953,48
"49",61,33,1142,118,-123.7543055947,39.4790281583,49
"50",65,36,1439,328,-122.0043056647,37.0040282573,50
"51",58,32,1282,201,-123.0626389557,38.3123615383,51
"52",59,36,1653,496,-120.6043057207,35.2206949953,52
"53",59,34,329,100,-123.9043055887,46.2540278873,53
"54",57,37,675,50,-124.3209722387,43.3706946693,54
"55",54,31,867,63,-124.2126389097,41.7706947333,55
"56",60,33,32,250,-122.6543056387,48.7290277883,56
"57",62,34,635,65,-124.1959722437,43.7040279893,57
"58",56,35,1064,69,-124.1626389117,40.1290281323,58
"59",58,24,1750,597,-119.7626390877,34.4123616943,59
"60",66,35,1533,489,-120.6626390517,36.2206949553,60
"61",66,29,1745,512,-120.4709723927,34.4540283593,61
"62",62,33,1830,760,-118.4043058087,33.7456950543,62
"63",64,33,1444,332,-121.9709723327,36.9623615923,63
"64",56,35,675,50,-124.3209722387,43.3706946693,64
"65",57,25,1074,81,-124.0626389157,40.0456948023,65
"66",60,33,1074,80,-124.0709722487,40.0456948023,66
"67",58,31,1225,142,-123.5543056027,38.7873615193,67
"68",62,36,1292,230,-122.8209722987,38.2290282083,68
"69",59,33,1786,674,-119.1209724467,34.1123617063,69
"70",64,28,1614,438,-121.0876390347,35.5456949823,70
"71",62,42,1358,308,-122.1709723247,37.6790282303,71
"72",63,25,1599,419,-121.2459723617,35.6706949773,72
"73",55,25,1731,495,-120.6126390537,34.5706950213,73
"74",62,38,1878,868,-117.5043058447,33.3456950703,74
"75",57,36,1443,333,-121.9626389997,36.9706949253,75
"76",60,34,866,58,-124.2543055747,41.7790280663,76
"77",64,34,1310,303,-122.2126389897,38.0790282143,77
"78",60,36,1660,487,-120.6793057177,35.1623616643,78
"79",56,37,675,50,-124.3209722387,43.3706946693,79
"80",61,38,1602,424,-121.2043056967,35.6456949783,80
"81",60,37,1975,915,-117.1126391937,32.5373617693,81
"82",57,33,1784,670,-119.1543057787,34.1290283723,82
"83",61,34,1765,652,-119.3043057727,34.2873616993,83
"84",58,37,1192,126,-123.6876389307,39.0623615083,84
"85",61,39,1972,938,-116.9209725347,32.5623617683,85
"86",60,33,986,63,-124.2126389097,40.7790281063,86
"87",63,29,986,63,-124.2126389097,40.7790281063,87
"88",65,36,1282,201,-123.0626389557,38.3123615383,88
"89",57,36,1828,759,-118.4126391417,33.7623617203,89
"90",57,35,1332,245,-122.6959723037,37.8956948883,90
"91",59,35,1546,374,-121.6209723467,36.1123616263,91
"92",60,27,1341,265,-122.5293056437,37.8206948913,92
"93",60,28,1076,83,-124.0459722497,40.0290281363,93
"94",60,34,1660,487,-120.6793057177,35.1623616643,94
"95",64,32,1063,67,-124.1793055777,40.1373614653,95
"96",63,37,674,51,-124.3126389057,43.3790280023,96
"97",60,36,1894,882,-117.3876391827,33.2123617423,97
"98",58,36,1315,220,-122.9043056287,38.0373615493,98
"99",62,38,1546,374,-121.6209723467,36.1123616263,99
"100",61,32,1958,900,-117.2376391887,32.6790284303,100
"101",56,34,636,65,-124.1959722437,43.6956946563,101
"102",59,35,1228,147,-123.5126389377,38.7623615203,102
"103",59,34,1239,347,-121.8459723377,38.6706948573,103
"104",56,33,1632,467,-120.8459723777,35.3956949883,104
"105",60,36,1282,201,-123.0626389557,38.3123615383,105
"106",61,35,1231,152,-123.4709722727,38.7373615213,106
"107",58,34,1753,627,-119.5126390977,34.3873616953,107
"108",63,28,1554,462,-120.8876390427,36.0456949623,108
"109",59,35,1294,217,-122.9293056277,38.2123615423,109
"110",58,27,1975,915,-117.1126391937,32.5373617693,110
"111",57,34,635,66,-124.1876389107,43.7040279893,111
"112",59,33,1974,914,-117.1209725267,32.5456951023,112
"113",61,34,1582,573,-119.9626390797,35.8123616383,113
"114",61,34,1076,82,-124.0543055827,40.0290281363,114
"115",55,36,1732,493,-120.6293057197,34.5623616883,115
"116",59,40,547,79,-124.0793055817,44.4373612933,116
"117",59,35,1487,340,-121.9043056687,36.6040282733,117
"118",58,37,987,62,-124.2209722427,40.7706947733,118
"119",57,36,1670,538,-120.2543057347,35.0790283343,119
"120",64,31,1557,449,-120.9959723717,36.0206949633,120
"121",56,36,1976,882,-117.3876391827,32.5290284363,121
"122",57,35,1212,126,-123.6876389307,38.8956948483,122
"123",57,34,1315,219,-122.9126389617,38.0373615493,123
"124",59,34,1210,125,-123.6959722637,38.9123615143,124
"125",60,38,1256,179,-123.2459722817,38.5290281963,125
"126",60,39,869,65,-124.1959722437,41.7540280673,126
"127",57,34,1282,201,-123.0626389557,38.3123615383,127
"128",61,30,1975,914,-117.1209725267,32.5373617693,128
"129",64,39,1601,422,-121.2209723627,35.6540283113,129
"130",61,36,1445,332,-121.9709723327,36.9540282593,130
"131",62,35,1201,250,-122.6543056387,38.9873615113,131
"132",61,36,1332,245,-122.6959723037,37.8956948883,132
"133",57,32,1623,447,-121.0126390377,35.4706949853,133
"134",59,30,1643,466,-120.8543057107,35.3040283253,134
"135",56,34,1745,512,-120.4709723927,34.4540283593,135
"136",60,31,867,60,-124.2376389087,41.7706947333,136
"137",59,32,1731,493,-120.6293057197,34.5706950213,137
"138",53,35,1640,466,-120.8543057107,35.3290283243,138
"139",61,32,1556,380,-121.5709723487,36.0290282963,139
"140",61,35,328,99,-123.9126389217,46.2623612203,140
"141",57,35,953,73,-124.1293055797,41.0540280953,141
"142",56,34,1786,673,-119.1293057797,34.1123617063,142
"143",62,35,1979,1193,-114.7959726197,32.5040284373,143
"144",58,36,1545,374,-121.6209723467,36.1206949593,144
"145",59,31,1741,-623,-129.9293053477,34.4873616913,145
"146",63,34,1282,201,-123.0626389557,38.3123615383,146
"147",58,31,1310,298,-122.2543056547,38.0790282143,147
"148",61,31,635,65,-124.1959722437,43.7040279893,148
"149",56,34,1957,900,-117.2376391887,32.6873617633,149
"150",59,36,1257,328,-122.0043056647,38.5206948633,150
"151",52,33,1112,110,-123.8209722587,39.7290281483,151
"152",59,34,1228,146,-123.5209722707,38.7623615203,152
"153",58,40,1957,899,-117.2459725217,32.6873617633,153
"154",61,32,1957,899,-117.2459725217,32.6873617633,154
"155",62,37,739,23,-124.5459722297,42.8373613573,155
"156",61,39,986,63,-124.2126389097,40.7790281063,156
"157",58,37,675,50,-124.3209722387,43.3706946693,157
"158",65,29,986,63,-124.2126389097,40.7790281063,158
"159",59,35,1599,416,-121.2709723607,35.6706949773,159
"160",60,35,1546,374,-121.6209723467,36.1123616263,160
"161",60,35,241,87,-124.0126389177,46.9873611913,161
"162",55,32,675,49,-124.3293055717,43.3706946693,162
"163",60,32,1979,1191,-114.8126392857,32.5040284373,163
"164",58,37,1884,714,-118.7876391267,33.2956950723,164
"165",61,38,749,29,-124.4959722317,42.7540280273,165
"166",59,30,1425,289,-122.3293056517,37.1206949193,166
"167",60,36,1957,899,-117.2459725217,32.6873617633,167
"168",58,31,987,62,-124.2209722427,40.7706947733,168
"169",65,33,1545,374,-121.6209723467,36.1206949593,169
"170",58,33,31,251,-122.6459723057,48.7373611213,170
"171",57,35,1523,758,-118.4209724747,36.3040282853,171
"172",58,34,1748,582,-119.8876390827,34.4290283603,172
"173",57,35,1282,201,-123.0626389557,38.3123615383,173
"174",51,34,1103,184,-123.2043056167,39.8040281453,174
"175",66,35,1282,201,-123.0626389557,38.3123615383,175
"176",58,35,1731,495,-120.6126390537,34.5706950213,176
"177",65,36,1040,48,-124.3376389047,40.3290281243,177
"178",56,35,1722,794,-118.1209724867,34.6456950183,178
"179",56,33,1975,914,-117.1209725267,32.5373617693,179
"180",60,36,1495,564,-120.0376390767,36.5373616093,180
"181",54,33,1282,201,-123.0626389557,38.3123615383,181
"182",58,36,1545,535,-120.2793057337,36.1206949593,182
"183",60,37,1975,914,-117.1209725267,32.5373617693,183
"184",61,38,987,62,-124.2209722427,40.7706947733,184
"185",62,42,1975,915,-117.1126391937,32.5373617693,185
"186",66,38,984,64,-124.2043055767,40.7956947723,186
"187",61,31,868,63,-124.2126389097,41.7623614003,187
"188",58,34,1376,326,-122.0209723307,37.5290282363,188
"189",70,35,675,49,-124.3293055717,43.3706946693,189
"190",62,32,1445,331,-121.9793056657,36.9540282593,190
"191",60,37,1296,190,-123.1543056187,38.1956948763,191
"192",56,36,1786,674,-119.1209724467,34.1123617063,192
"193",60,35,1283,201,-123.0626389557,38.3040282053,193
"194",56,33,1283,201,-123.0626389557,38.3040282053,194
"195",57,32,1444,332,-121.9709723327,36.9623615923,195
"196",56,35,1277,203,-123.0459722897,38.3540282033,196
"197",65,36,1633,467,-120.8459723777,35.3873616553,197
"198",59,34,868,64,-124.2043055767,41.7623614003,198
"199",62,33,1974,915,-117.1126391937,32.5456951023,199
"200",58,40,987,62,-124.2209722427,40.7706947733,200
"201",57,34,1444,739,-118.5793058017,36.9623615923,201
"202",61,32,1958,900,-117.2376391887,32.6790284303,202
"203",61,38,1061,65,-124.1959722437,40.1540281313,203
"204",54,36,636,66,-124.1876389107,43.6956946563,204
"205",63,39,1974,914,-117.1209725267,32.5456951023,205
"206",62,33,637,65,-124.1959722437,43.6873613233,206
"207",60,33,1179,192,-123.1376389527,39.1706948373,207
"208",61,36,1958,900,-117.2376391887,32.6790284303,208
"209",54,35,329,98,-123.9209722547,46.2540278873,209
"210",58,29,1958,900,-117.2376391887,32.6790284303,210
"211",56,37,975,71,-124.1459722457,40.8706947693,211
"212",58,35,1125,173,-123.2959722797,39.6206948193,212
"213",61,38,1094,99,-123.9126389217,39.8790281423,213
"214",64,32,869,63,-124.2126389097,41.7540280673,214
"215",59,39,1599,415,-121.2793056937,35.6706949773,215
"216",61,36,1220,135,-123.6126389337,38.8290281843,216
"217",62,34,1753,629,-119.4959724317,34.3873616953,217
"218",66,34,1980,1196,-114.7709726207,32.4956951043,218
"219",62,35,675,49,-124.3293055717,43.3706946693,219
"220",60,27,1282,201,-123.0626389557,38.3123615383,220
"221",59,30,1793,695,-118.9459724537,34.0540283753,221
"222",58,35,1979,1191,-114.8126392857,32.5040284373,222
"223",60,34,1355,308,-122.1709723247,37.7040282293,223
"224",56,37,675,49,-124.3293055717,43.3706946693,224
"225",58,41,1599,416,-121.2709723607,35.6706949773,225
"226",58,30,1331,244,-122.7043056367,37.9040282213,226
"227",58,39,1786,672,-119.1376391127,34.1123617063,227
"228",66,38,1956,900,-117.2376391887,32.6956950963,228
"229",56,37,1828,999,-116.4126392217,33.7623617203,229
"230",59,36,1749,583,-119.8793057497,34.4206950273,230
"231",61,37,1445,332,-121.9709723327,36.9540282593,231
"232",59,32,1892,982,-116.5543058827,33.2290284083,232
"233",57,25,1980,1196,-114.7709726207,32.4956951043,233
"234",59,40,1315,219,-122.9126389617,38.0373615493,234
"235",61,33,1631,635,-119.4459724337,35.4040283213,235
"236",56,33,1785,670,-119.1543057787,34.1206950393,236
"237",61,39,1546,376,-121.6043056807,36.1123616263,237
"238",66,36,1748,592,-119.8043057527,34.4290283603,238
"239",63,35,1958,900,-117.2376391887,32.6790284303,239
"240",60,33,1332,244,-122.7043056367,37.8956948883,240
"241",62,36,1732,496,-120.6043057207,34.5623616883,241
"242",60,35,1785,670,-119.1543057787,34.1206950393,242
"243",63,36,833,53,-124.2959722397,42.0540280553,243
"244",56,34,1377,92,-123.9709722527,37.5206949033,244
"245",62,33,1332,244,-122.7043056367,37.8956948883,245
"246",63,33,986,63,-124.2126389097,40.7790281063,246
"247",54,40,868,63,-124.2126389097,41.7623614003,247
"248",62,35,1546,375,-121.6126390137,36.1123616263,248
"249",57,31,1797,711,-118.8126391257,34.0206950433,249
"250",58,32,1098,106,-123.8543055907,39.8456948103,250
"251",61,37,247,69,-124.1626389117,46.9373611933,251
"252",58,38,869,63,-124.2126389097,41.7540280673,252
"253",63,31,1790,686,-119.0209724507,34.0790283743,253
"254",56,35,1225,142,-123.5543056027,38.7873615193,254
"255",56,38,1256,179,-123.2459722817,38.5290281963,255
"256",56,35,271,81,-124.0626389157,46.7373612013,256
"257",60,35,869,64,-124.2043055767,41.7540280673,257
"258",61,33,1311,301,-122.2293056557,38.0706948813,258
"259",56,37,1597,414,-121.2876390267,35.6873616433,259
"260",55,33,1958,899,-117.2459725217,32.6790284303,260
"261",59,37,1289,238,-122.7543056347,38.2540282073,261
"262",55,37,1379,331,-121.9793056657,37.5040282373,262
"263",59,34,1830,761,-118.3959724757,33.7456950543,263
"264",66,33,1282,201,-123.0626389557,38.3123615383,264
"265",58,38,1311,301,-122.2293056557,38.0706948813,265
"266",54,33,1308,501,-120.5626390557,38.0956948803,266
"267",59,37,1957,900,-117.2376391887,32.6873617633,267
"268",56,39,1260,185,-123.1959722837,38.4956948643,268
"269",54,36,1219,135,-123.6126389337,38.8373615173,269
"270",60,35,1786,674,-119.1209724467,34.1123617063,270
"271",60,35,1829,761,-118.3959724757,33.7540283873,271
"272",64,34,1621,617,-119.5959724277,35.4873616513,272
"273",60,29,1786,672,-119.1376391127,34.1123617063,273
"274",57,35,674,50,-124.3209722387,43.3790280023,274
"275",55,37,1974,915,-117.1126391937,32.5456951023,275
"276",63,33,1599,416,-121.2709723607,35.6706949773,276
"277",61,37,1062,68,-124.1709722447,40.1456947983,277
"278",59,34,1240,160,-123.4043056087,38.6623615243,278
"279",61,34,1787,673,-119.1293057797,34.1040283733,279
"280",55,37,1830,761,-118.3959724757,33.7456950543,280
"281",71,31,2250,5,-124.6959722237,30.2456951943,281
"282",56,27,1968,994,-116.4543058867,32.5956951003,282
"283",59,34,870,68,-124.1709722447,41.7456947343,283
"284",57,41,1744,518,-120.4209723947,34.4623616923,284
"285",58,33,1786,674,-119.1209724467,34.1123617063,285
"286",65,29,1974,914,-117.1209725267,32.5456951023,286
"287",63,37,1744,513,-120.4626390597,34.4623616923,287
"288",60,35,1259,183,-123.2126389497,38.5040281973,288
"289",64,36,1209,123,-123.7126389297,38.9206948473,289
"290",61,32,1282,201,-123.0626389557,38.3123615383,290
"291",60,36,1957,899,-117.2459725217,32.6873617633,291
"292",54,30,1974,917,-117.0959725277,32.5456951023,292
"293",61,39,1786,673,-119.1293057797,34.1123617063,293
"294",59,34,675,49,-124.3293055717,43.3706946693,294
"295",56,37,272,84,-124.0376389167,46.7290278683,295
"296",53,38,1315,220,-122.9043056287,38.0373615493,296
"297",59,35,1975,915,-117.1126391937,32.5373617693,297
"298",59,31,792,40,-124.4043055687,42.3956947083,298
"299",60,36,866,60,-124.2376389087,41.7790280663,299
"300",57,34,1545,375,-121.6126390137,36.1206949593,300
"301",62,36,1258,180,-123.2376389487,38.5123615303,301
"302",58,32,1830,761,-118.3959724757,33.7456950543,302
"303",59,31,1331,245,-122.6959723037,37.9040282213,303
"304",61,32,1974,915,-117.1126391937,32.5456951023,304
"305",61,29,1654,467,-120.8459723777,35.2123616623,305
"306",57,33,986,63,-124.2126389097,40.7790281063,306
"307",58,35,1123,147,-123.5126389377,39.6373614853,307
"308",54,41,1748,582,-119.8876390827,34.4290283603,308
"309",60,35,1543,683,-119.0459724497,36.1373616253,309
"310",58,38,1258,180,-123.2376389487,38.5123615303,310
"311",63,38,1377,329,-121.9959723317,37.5206949033,311
"312",60,29,675,50,-124.3209722387,43.3706946693,312
"313",59,31,1958,899,-117.2459725217,32.6790284303,313
"314",61,36,1697,697,-118.9293057877,34.8540283433,314
"315",62,31,1785,673,-119.1293057797,34.1206950393,315
"316",59,31,1424,289,-122.3293056517,37.1290282523,316
"317",58,28,1748,592,-119.8043057527,34.4290283603,317
"318",58,36,1852,831,-117.8126391657,33.5623617283,318
"319",57,36,1957,900,-117.2376391887,32.6873617633,319
"320",61,38,1240,161,-123.3959722757,38.6623615243,320
"321",56,38,1787,674,-119.1209724467,34.1040283733,321
"322",59,32,869,63,-124.2126389097,41.7540280673,322
"323",55,37,1258,181,-123.2293056157,38.5123615303,323
"324",60,25,1310,298,-122.2543056547,38.0790282143,324
"325",58,37,1532,726,-118.6876391307,36.2290282883,325
"326",59,40,1975,914,-117.1209725267,32.5373617693,326
"327",62,37,1258,266,-122.5209723107,38.5123615303,327
"328",60,29,1745,513,-120.4626390597,34.4540283593,328
"329",61,36,1602,424,-121.2043056967,35.6456949783,329
"330",57,32,868,62,-124.2209722427,41.7623614003,330
"331",63,34,1660,486,-120.6876390507,35.1623616643,331
"332",60,30,1960,968,-116.6709725447,32.6623617643,332
"333",57,34,1791,689,-118.9959724517,34.0706950413,333
"334",62,32,1017,137,-123.5959722677,40.5206947833,334
"335",63,32,986,63,-124.2126389097,40.7790281063,335
"336",63,30,1241,306,-122.1876389907,38.6540281913,336
"337",59,38,1229,147,-123.5126389377,38.7540281873,337
"338",54,30,1013,131,-123.6459722657,40.5540281153,338
"339",64,29,1063,67,-124.1793055777,40.1373614653,339
"340",59,35,1599,415,-121.2793056937,35.6706949773,340
"341",58,31,1974,914,-117.1209725267,32.5456951023,341
"342",59,37,1803,945,-116.8626392037,33.9706950453,342
"343",58,41,675,49,-124.3293055717,43.3706946693,343
"344",65,36,1958,899,-117.2459725217,32.6790284303,344
"345",58,33,1347,296,-122.2709723207,37.7706948933,345
"346",63,38,1315,221,-122.8959722957,38.0373615493,346
"347",60,39,1745,513,-120.4626390597,34.4540283593,347
"348",62,38,1614,441,-121.0626390357,35.5456949823,348
"349",61,37,1076,81,-124.0626389157,40.0290281363,349
"350",60,29,986,63,-124.2126389097,40.7790281063,350
"351",54,28,636,66,-124.1876389107,43.6956946563,351
"352",58,34,1612,441,-121.0626390357,35.5623616483,352
"353",59,36,674,50,-124.3209722387,43.3790280023,353
"354",59,34,2123,723,-118.7126391297,31.3040284853,354
"355",65,35,1731,494,-120.6209723867,34.5706950213,355
"356",63,34,641,64,-124.2043055767,43.6540279913,356
"357",59,29,1786,673,-119.1293057797,34.1123617063,357
"358",60,35,1404,344,-121.8709723367,37.2956949123,358
"359",60,33,1283,201,-123.0626389557,38.3040282053,359
"360",55,34,1961,966,-116.6876392107,32.6540284313,360
"361",60,37,1511,785,-118.1959724837,36.4040282813,361
"362",61,31,867,61,-124.2293055757,41.7706947333,362
"363",65,31,1599,417,-121.2626390277,35.6706949773,363
"364",60,39,1659,486,-120.6876390507,35.1706949973,364
"365",61,35,1957,900,-117.2376391887,32.6873617633,365
"366",58,32,1829,760,-118.4043058087,33.7540283873,366
"367",63,37,1314,218,-122.9209722947,38.0456948823,367
"368",55,32,1282,201,-123.0626389557,38.3123615383,368
"369",60,35,636,67,-124.1793055777,43.6956946563,369
"370",64,35,1268,201,-123.0626389557,38.4290282003,370
"371",56,37,1834,802,-118.0543058227,33.7123617223,371
"372",61,33,1282,201,-123.0626389557,38.3123615383,372
"373",66,29,1829,760,-118.4043058087,33.7540283873,373
"374",60,32,1309,340,-121.9043056687,38.0873615473,374
"375",63,29,1257,178,-123.2543056147,38.5206948633,375
"376",57,34,1075,79,-124.0793055817,40.0373614693,376
"377",59,37,1456,573,-119.9626390797,36.8623615963,377
"378",52,34,1444,331,-121.9793056657,36.9623615923,378
"379",58,36,1608,667,-119.1793057777,35.5956949803,379
"380",57,35,1623,448,-121.0043057047,35.4706949853,380
"381",54,33,1440,330,-121.9876389987,36.9956949243,381
"382",61,39,1056,58,-124.2543055747,40.1956947963,382
"383",61,35,1602,424,-121.2043056967,35.6456949783,383
"384",59,34,675,49,-124.3293055717,43.3706946693,384
"385",60,35,1256,180,-123.2376389487,38.5290281963,385
"386",58,35,674,51,-124.3126389057,43.3790280023,386
"387",57,37,1957,900,-117.2376391887,32.6873617633,387
"388",56,36,1830,767,-118.3459724777,33.7456950543,388
"389",59,36,1251,171,-123.3126389457,38.5706948613,389
"390",59,38,1556,380,-121.5709723487,36.0290282963,390
"391",58,40,1220,135,-123.6126389337,38.8290281843,391
"392",63,34,869,64,-124.2043055767,41.7540280673,392
"393",58,30,1600,422,-121.2209723627,35.6623616443,393
"394",63,30,1441,327,-122.0126389977,36.9873615913,394
"395",58,36,1612,440,-121.0709723687,35.5623616483,395
"396",62,32,986,63,-124.2126389097,40.7790281063,396
"397",63,34,1332,245,-122.6959723037,37.8956948883,397
"398",66,30,986,63,-124.2126389097,40.7790281063,398
"399",61,36,1731,494,-120.6209723867,34.5706950213,399
"400",62,29,1845,820,-117.9043058287,33.6206950593,400
"401",60,30,1228,336,-121.9376390007,38.7623615203,401
"402",59,35,1662,392,-121.4709723527,35.1456949983,402
"403",62,36,1611,438,-121.0876390347,35.5706949813,403
"404",60,29,1975,914,-117.1209725267,32.5373617693,404
"405",58,29,1747,593,-119.7959724197,34.4373616933,405
"406",56,33,1315,219,-122.9126389617,38.0373615493,406
"407",61,37,1958,900,-117.2376391887,32.6790284303,407
"408",60,33,868,62,-124.2209722427,41.7623614003,408
"409",59,39,636,65,-124.1959722437,43.6956946563,409
"410",61,34,1599,421,-121.2293056957,35.6706949773,410
"411",60,31,1656,476,-120.7709723807,35.1956949963,411
"412",54,37,1322,359,-121.7459723417,37.9790282183,412
"413",59,40,1753,630,-119.4876390987,34.3873616953,413
"414",60,37,1444,333,-121.9626389997,36.9623615923,414
"415",64,39,1539,367,-121.6793056777,36.1706949573,415
"416",66,40,1599,415,-121.2793056937,35.6706949773,416
"417",59,34,1481,531,-120.3126390657,36.6540282713,417
"418",59,27,1599,467,-120.8459723777,35.6706949773,418
"419",61,31,1252,172,-123.3043056127,38.5623615283,419
"420",64,32,1858,838,-117.7543058347,33.5123617303,420
"421",62,34,675,50,-124.3209722387,43.3706946693,421
"422",61,36,1598,416,-121.2709723607,35.6790283103,422
"423",60,33,546,80,-124.0709722487,44.4456946263,423
"424",56,38,1642,466,-120.8543057107,35.3123616583,424
"425",60,35,1789,683,-119.0459724497,34.0873617073,425
"426",57,34,1600,420,-121.2376390287,35.6623616443,426
"427",63,31,1599,417,-121.2626390277,35.6706949773,427
"428",56,29,329,100,-123.9043055887,46.2540278873,428
"429",61,36,1599,416,-121.2709723607,35.6706949773,429
"430",58,29,1256,179,-123.2459722817,38.5290281963,430
"431",56,38,1251,169,-123.3293056117,38.5706948613,431
"432",58,32,99,249,-122.6626389717,48.1706944773,432
"433",58,38,1038,132,-123.6376389327,40.3456947903,433
"434",64,34,1787,680,-119.0709724487,34.1040283733,434
"435",64,36,1958,900,-117.2376391887,32.6790284303,435
"436",63,36,1612,440,-121.0709723687,35.5623616483,436
"437",59,32,1974,914,-117.1209725267,32.5456951023,437
"438",64,35,1979,1191,-114.8126392857,32.5040284373,438
"439",59,34,1599,415,-121.2793056937,35.6706949773,439
"440",61,34,246,70,-124.1543055787,46.9456945263,440
"441",57,37,1657,526,-120.3543057307,35.1873616633,441
"442",57,32,1281,200,-123.0709722887,38.3206948713,442
"443",62,37,1975,915,-117.1126391937,32.5373617693,443
"444",62,38,1787,679,-119.0793057817,34.1040283733,444
"445",58,32,1744,513,-120.4626390597,34.4623616923,445
"446",58,33,100,248,-122.6709723047,48.1623611443,446
"447",61,34,1803,589,-119.8293057517,33.9706950453,447
"448",59,33,868,64,-124.2043055767,41.7623614003,448
"449",59,37,1632,467,-120.8459723777,35.3956949883,449
"450",57,38,1010,126,-123.6876389307,40.5790281143,450
"451",58,31,1974,915,-117.1126391937,32.5456951023,451
"452",60,33,1282,201,-123.0626389557,38.3123615383,452
"453",61,35,1745,512,-120.4709723927,34.4540283593,453
"454",59,32,1283,201,-123.0626389557,38.3040282053,454
"455",57,37,1744,513,-120.4626390597,34.4623616923,455
"456",56,36,1310,297,-122.2626389877,38.0790282143,456
"457",57,33,790,39,-124.4126389017,42.4123613743,457
"458",66,40,987,62,-124.2209722427,40.7706947733,458
"459",56,38,1445,332,-121.9709723327,36.9540282593,459
"460",59,29,1901,887,-117.3459725177,33.1540284113,460
"461",53,38,1572,548,-120.1709724047,35.8956949683,461
"462",57,30,1066,227,-122.8459722977,40.1123614663,462
"463",60,36,985,63,-124.2126389097,40.7873614393,463
"464",60,41,1258,181,-123.2293056157,38.5123615303,464
"465",64,33,1751,585,-119.8626390837,34.4040283613,465
"466",57,34,1518,455,-120.9459723737,36.3456949503,466
"467",55,33,1390,757,-118.4293058077,37.4123615743,467
"468",57,29,1282,201,-123.0626389557,38.3123615383,468
"469",61,32,1744,513,-120.4626390597,34.4623616923,469
"470",61,34,1974,914,-117.1209725267,32.5456951023,470
"471",58,31,868,63,-124.2126389097,41.7623614003,471
"472",65,36,987,62,-124.2209722427,40.7706947733,472
"473",58,33,1599,423,-121.2126390297,35.6706949773,473
"474",59,38,1731,492,-120.6376390527,34.5706950213,474
"475",60,35,1259,182,-123.2209722827,38.5040281973,475
"476",64,35,867,60,-124.2376389087,41.7706947333,476
"477",59,37,1534,365,-121.6959723437,36.2123616223,477
"478",56,35,1957,899,-117.2459725217,32.6873617633,478
"479",57,39,868,65,-124.1959722437,41.7623614003,479
"480",62,32,1958,900,-117.2376391887,32.6790284303,480
"481",62,37,675,49,-124.3293055717,43.3706946693,481
"482",56,39,1282,201,-123.0626389557,38.3123615383,482
"483",58,35,246,70,-124.1543055787,46.9456945263,483
"484",62,32,1631,468,-120.8376390447,35.4040283213,484
"485",60,33,674,51,-124.3126389057,43.3790280023,485
"486",61,34,1263,190,-123.1543056187,38.4706948653,486
"487",56,32,1636,107,-123.8459722577,35.3623616563,487
"488",60,37,1749,592,-119.8043057527,34.4206950273,488
"489",61,29,1958,899,-117.2459725217,32.6790284303,489
"490",60,34,245,69,-124.1626389117,46.9540278593,490
"491",60,31,1280,200,-123.0709722887,38.3290282043,491
"492",57,28,1546,374,-121.6209723467,36.1123616263,492
"493",59,41,1545,374,-121.6209723467,36.1206949593,493
"494",62,31,1881,883,-117.3793058497,33.3206950713,494
"495",57,30,1979,1194,-114.7876392867,32.5040284373,495
"496",59,29,1744,514,-120.4543057267,34.4623616923,496
"497",66,33,1787,674,-119.1209724467,34.1040283733,497
"498",63,35,1787,675,-119.1126391137,34.1040283733,498
"499",63,39,986,63,-124.2126389097,40.7790281063,499
"500",56,35,870,68,-124.1709722447,41.7456947343,500
"501",63,36,1786,672,-119.1376391127,34.1123617063,501
"502",64,31,675,49,-124.3293055717,43.3706946693,502
"503",59,31,1957,900,-117.2376391887,32.6873617633,503
"504",62,37,1283,201,-123.0626389557,38.3040282053,504
"505",56,31,1744,512,-120.4709723927,34.4623616923,505
"506",56,36,1794,700,-118.9043057887,34.0456950423,506
"507",60,39,1601,421,-121.2293056957,35.6540283113,507
"508",66,37,99,248,-122.6709723047,48.1706944773,508
"509",58,38,1535,536,-120.2709724007,36.2040282893,509
"510",63,32,1282,201,-123.0626389557,38.3123615383,510
"511",60,36,1975,915,-117.1126391937,32.5373617693,511
"512",64,36,1831,760,-118.4043058087,33.7373617213,512
"513",55,25,1518,508,-120.5043057247,36.3456949503,513
"514",62,36,1599,418,-121.2543056947,35.6706949773,514
"515",57,37,1546,374,-121.6209723467,36.1123616263,515
"516",63,36,1958,899,-117.2459725217,32.6790284303,516
"517",57,37,1975,915,-117.1126391937,32.5373617693,517
"518",59,36,868,64,-124.2043055767,41.7623614003,518
"519",58,30,1044,48,-124.3376389047,40.2956947923,519
"520",60,37,1958,900,-117.2376391887,32.6790284303,520
"521",60,30,1063,70,-124.1543055787,40.1373614653,521
"522",63,35,1830,761,-118.3959724757,33.7456950543,522
"523",57,35,1975,915,-117.1126391937,32.5373617693,523
"524",56,34,329,99,-123.9126389217,46.2540278873,524
"525",57,35,1445,333,-121.9626389997,36.9540282593,525
"526",58,38,1613,439,-121.0793057017,35.5540283153,526
"527",60,39,1254,174,-123.2876389467,38.5456948623,527
"528",61,35,1731,492,-120.6376390527,34.5706950213,528
"529",57,31,1134,259,-122.5793056417,39.5456948223,529
"530",56,34,1958,899,-117.2459725217,32.6790284303,530
"531",62,35,1731,494,-120.6209723867,34.5706950213,531
"532",61,31,1282,201,-123.0626389557,38.3123615383,532
"533",57,31,1731,493,-120.6293057197,34.5706950213,533
"534",62,35,1003,57,-124.2626389077,40.6373614453,534
"535",62,34,1547,375,-121.6126390137,36.1040282933,535
"536",66,34,546,80,-124.0709722487,44.4456946263,536
"537",63,35,1315,219,-122.9126389617,38.0373615493,537
"538",63,32,1974,914,-117.1209725267,32.5456951023,538
"539",62,34,868,64,-124.2043055767,41.7623614003,539
"540",58,32,1979,1190,-114.8209726187,32.5040284373,540
"541",58,37,868,65,-124.1959722437,41.7623614003,541
"542",57,37,1798,712,-118.8043057927,34.0123617103,542
"543",57,37,1604,476,-120.7709723807,35.6290283123,543
"544",57,38,1973,943,-116.8793058697,32.5540284353,544
"545",58,37,1444,333,-121.9626389997,36.9623615923,545
"546",62,31,996,66,-124.1876389107,40.6956947763,546
"547",66,30,1643,467,-120.8459723777,35.3040283253,547
"548",60,36,1786,674,-119.1209724467,34.1123617063,548
"549",58,29,1517,-31,-124.9959722117,36.3540282833,549
"550",58,34,1613,441,-121.0626390357,35.5540283153,550
"551",56,38,1082,91,-123.9793055857,39.9790281383,551
"552",53,36,2119,720,-118.7376391287,31.3373618173,552
"553",58,30,978,68,-124.1709722447,40.8456947703,553
"554",56,35,1613,439,-121.0793057017,35.5540283153,554
"555",59,36,1314,220,-122.9043056287,38.0456948823,555
"556",58,37,637,65,-124.1959722437,43.6873613233,556
"557",63,33,987,62,-124.2209722427,40.7706947733,557
"558",56,38,1732,493,-120.6293057197,34.5623616883,558
"559",64,37,1545,373,-121.6293056797,36.1206949593,559
"560",61,36,1259,182,-123.2209722827,38.5040281973,560
"561",59,32,1753,628,-119.5043057647,34.3873616953,561
"562",59,32,1930,901,-117.2293058557,32.9123617543,562
"563",60,33,1958,899,-117.2459725217,32.6790284303,563
"564",59,38,1951,946,-116.8543058707,32.7373617613,564
"565",57,30,1745,513,-120.4626390597,34.4540283593,565
"566",61,33,463,95,-123.9459722537,45.1373612653,566
"567",58,34,1989,1223,-114.5459726297,32.4206951073,567
"568",65,34,1257,181,-123.2293056157,38.5206948633,568
"569",56,35,2034,849,-117.6626391717,32.0456951223,569
"570",59,34,1957,900,-117.2376391887,32.6873617633,570
"571",66,40,1786,673,-119.1293057797,34.1123617063,571
"572",62,33,1237,159,-123.4126389417,38.6873615233,572
"573",61,35,1548,375,-121.6126390137,36.0956949603,573
"574",63,36,1791,693,-118.9626391197,34.0706950413,574
"575",60,35,1260,187,-123.1793056177,38.4956948643,575
"576",62,36,1357,308,-122.1709723247,37.6873615633,576
"577",67,38,986,63,-124.2126389097,40.7790281063,577
"578",58,35,1893,632,-119.4709724327,33.2206950753,578
"579",57,33,1544,373,-121.6293056797,36.1290282923,579
"580",57,38,1445,333,-121.9626389997,36.9540282593,580
"581",62,33,749,28,-124.5043055647,42.7540280273,581
"582",62,36,1599,418,-121.2543056947,35.6706949773,582
"583",60,41,1377,330,-121.9876389987,37.5206949033,583
"584",60,32,868,64,-124.2043055767,41.7623614003,584
"585",63,35,1250,169,-123.3293056117,38.5790281943,585
"586",56,36,1612,442,-121.0543057027,35.5623616483,586
"587",60,35,637,65,-124.1959722437,43.6873613233,587
"588",55,37,1330,283,-122.3793056497,37.9123615543,588
"589",58,33,1598,416,-121.2709723607,35.6790283103,589
"590",57,30,867,61,-124.2293055757,41.7706947333,590
"591",63,34,1973,915,-117.1126391937,32.5540284353,591
"592",62,37,1975,916,-117.1043058607,32.5373617693,592
"593",56,30,1746,592,-119.8043057527,34.4456950263,593
"594",58,32,1054,56,-124.2709722407,40.2123614623,594
"595",60,38,1633,467,-120.8459723777,35.3873616553,595
"596",58,36,1975,914,-117.1209725267,32.5373617693,596
"597",60,38,675,49,-124.3293055717,43.3706946693,597
"598",62,33,1378,329,-121.9959723317,37.5123615703,598
"599",56,37,1442,328,-122.0043056647,36.9790282583,599
"600",58,35,1233,154,-123.4543056067,38.7206948553,600
"601",56,30,1656,470,-120.8209723787,35.1956949963,601
"602",59,40,1974,914,-117.1209725267,32.5456951023,602
"603",61,38,1274,199,-123.0793056217,38.3790282023,603
"604",65,31,1315,221,-122.8959722957,38.0373615493,604
"605",51,36,965,74,-124.1209722467,40.9540280993,605
"606",60,33,1598,416,-121.2709723607,35.6790283103,606
"607",63,36,246,69,-124.1626389117,46.9456945263,607
"608",58,31,1332,245,-122.6959723037,37.8956948883,608
"609",61,33,636,66,-124.1876389107,43.6956946563,609
"610",56,38,1413,74,-124.1209722467,37.2206949153,610
"611",56,34,1545,374,-121.6209723467,36.1206949593,611
"612",51,35,674,51,-124.3126389057,43.3790280023,612
"613",63,36,1484,417,-121.2626390277,36.6290282723,613
"614",67,37,1633,467,-120.8459723777,35.3873616553,614
"615",56,36,1283,201,-123.0626389557,38.3040282053,615
"616",62,38,1444,326,-122.0209723307,36.9623615923,616
"617",63,27,1600,422,-121.2209723627,35.6623616443,617
"618",53,36,1377,331,-121.9793056657,37.5206949033,618
"619",60,31,1612,440,-121.0709723687,35.5623616483,619
"620",63,36,1956,900,-117.2376391887,32.6956950963,620
"621",62,34,1063,67,-124.1793055777,40.1373614653,621
"622",61,32,1958,900,-117.2376391887,32.6790284303,622
"623",59,40,1231,151,-123.4793056057,38.7373615213,623
"624",61,42,1727,500,-120.5709723887,34.6040283533,624
"625",62,39,987,62,-124.2209722427,40.7706947733,625
"626",62,33,1786,673,-119.1293057797,34.1123617063,626
"627",61,34,1545,373,-121.6293056797,36.1206949593,627
"628",59,33,1732,493,-120.6293057197,34.5623616883,628
"629",56,37,1309,298,-122.2543056547,38.0873615473,629
"630",62,35,1088,95,-123.9459722537,39.9290281403,630
"631",67,36,1726,608,-119.6709724247,34.6123616863,631
"632",60,33,1281,200,-123.0709722887,38.3206948713,632
"633",62,40,1283,201,-123.0626389557,38.3040282053,633
"634",56,37,1957,899,-117.2459725217,32.6873617633,634
"635",64,38,1571,-192,-126.3376388247,35.9040283013,635
"636",56,36,1536,594,-119.7876390867,36.1956949563,636
"637",56,41,1098,105,-123.8626389237,39.8456948103,637
"638",66,29,1623,448,-121.0043057047,35.4706949853,638
"639",60,37,675,49,-124.3293055717,43.3706946693,639
"640",61,33,1788,683,-119.0459724497,34.0956950403,640
"641",58,33,1618,759,-118.4126391417,35.5123616503,641
"642",53,40,1500,-36,-125.0376388767,36.4956949443,642
"643",54,33,987,62,-124.2209722427,40.7706947733,643
"644",62,31,1314,219,-122.9126389617,38.0456948823,644
"645",54,33,773,46,-124.3543055707,42.5540280353,645
"646",56,43,1063,68,-124.1709722447,40.1373614653,646
"647",59,39,869,63,-124.2126389097,41.7540280673,647
"648",61,36,1957,900,-117.2376391887,32.6873617633,648
"649",61,33,869,63,-124.2126389097,41.7540280673,649
"650",62,36,1450,530,-120.3209723987,36.9123615943,650
"651",61,36,1088,95,-123.9459722537,39.9290281403,651
"652",57,39,1732,493,-120.6293057197,34.5623616883,652
"653",58,33,1611,440,-121.0709723687,35.5706949813,653
"654",53,31,1599,415,-121.2793056937,35.6706949773,654
"655",64,27,869,63,-124.2126389097,41.7540280673,655
"656",61,34,1544,375,-121.6126390137,36.1290282923,656
"657",60,34,987,62,-124.2209722427,40.7706947733,657
"658",63,37,1547,375,-121.6126390137,36.1040282933,658
"659",61,38,1446,322,-122.0543056627,36.9456949263,659
"660",60,32,1040,47,-124.3459722377,40.3290281243,660
"661",57,36,1956,900,-117.2376391887,32.6956950963,661
"662",59,39,1573,557,-120.0959724077,35.8873616353,662
"663",64,33,1731,497,-120.5959723877,34.5706950213,663
"664",55,33,987,62,-124.2209722427,40.7706947733,664
"665",63,36,1958,900,-117.2376391887,32.6790284303,665
"666",59,30,1259,182,-123.2209722827,38.5040281973,666
"667",54,35,1319,207,-123.0126389577,38.0040282173,667
"668",60,34,1786,673,-119.1293057797,34.1123617063,668
"669",61,38,1958,899,-117.2459725217,32.6790284303,669
"670",60,27,1786,673,-119.1293057797,34.1123617063,670
"671",59,36,1845,818,-117.9209724947,33.6206950593,671
"672",57,35,1957,900,-117.2376391887,32.6873617633,672
"673",60,34,1259,182,-123.2209722827,38.5040281973,673
"674",58,35,1786,676,-119.1043057807,34.1123617063,674
"675",58,34,1076,80,-124.0709722487,40.0290281363,675
"676",64,37,1735,505,-120.5293057237,34.5373616893,676
"677",58,40,302,98,-123.9209722547,46.4790278783,677
"678",58,35,1461,37,-124.4293055677,36.8206949313,678
"679",56,33,1238,245,-122.6959723037,38.6790281903,679
"680",59,36,1064,69,-124.1626389117,40.1290281323,680
"681",63,35,1202,228,-122.8376389647,38.9790281783,681
"682",61,38,1975,914,-117.1209725267,32.5373617693,682
"683",62,33,1072,81,-124.0626389157,40.0623614683,683
"684",62,37,1281,200,-123.0709722887,38.3206948713,684
"685",61,33,1659,477,-120.7626390477,35.1706949973,685
"686",60,33,987,62,-124.2209722427,40.7706947733,686
"687",61,31,1441,328,-122.0043056647,36.9873615913,687
"688",56,37,1056,57,-124.2626389077,40.1956947963,688
"689",60,37,1228,148,-123.5043056047,38.7623615203,689
"690",60,38,1309,299,-122.2459723217,38.0873615473,690
"691",58,35,1446,323,-122.0459723297,36.9456949263,691
"692",54,37,1787,674,-119.1209724467,34.1040283733,692
"693",60,35,1331,245,-122.6959723037,37.9040282213,693
"694",65,35,987,62,-124.2209722427,40.7706947733,694
"695",58,30,1975,914,-117.1209725267,32.5373617693,695
"696",57,37,1786,674,-119.1209724467,34.1123617063,696
"697",56,6,1743,584,-119.8709724167,34.4706950253,697
"698",66,32,675,50,-124.3209722387,43.3706946693,698
"699",61,39,1974,915,-117.1126391937,32.5456951023,699
"700",56,33,1545,374,-121.6209723467,36.1206949593,700
"701",62,28,867,61,-124.2293055757,41.7706947333,701
"702",64,33,676,48,-124.3376389047,43.3623613363,702
"703",53,34,1600,422,-121.2209723627,35.6623616443,703
"704",60,32,546,80,-124.0709722487,44.4456946263,704
"705",63,37,795,41,-124.3959722357,42.3706947093,705
"706",57,30,1228,146,-123.5209722707,38.7623615203,706
"707",61,37,1743,512,-120.4709723927,34.4706950253,707
"708",58,36,1256,178,-123.2543056147,38.5290281963,708
"709",56,33,953,73,-124.1293055797,41.0540280953,709
"710",56,36,1310,297,-122.2626389877,38.0790282143,710
"711",57,32,1958,899,-117.2459725217,32.6790284303,711
"712",58,34,1599,702,-118.8876391227,35.6706949773,712
"713",59,30,1958,900,-117.2376391887,32.6790284303,713
"714",60,19,1625,455,-120.9459723737,35.4540283193,714
"715",63,36,1829,760,-118.4043058087,33.7540283873,715
"716",58,31,1833,773,-118.2959724797,33.7206950553,716
"717",58,32,1818,862,-117.5543058427,33.8456950503,717
"718",53,37,1118,239,-122.7459723017,39.6790281503,718
"719",58,32,1545,374,-121.6209723467,36.1206949593,719
"720",66,35,1760,641,-119.3959724357,34.3290283643,720
"721",60,40,675,49,-124.3293055717,43.3706946693,721
"722",64,34,1601,423,-121.2126390297,35.6540283113,722
"723",58,35,1282,201,-123.0626389557,38.3123615383,723
"724",54,31,1748,592,-119.8043057527,34.4290283603,724
"725",62,35,832,53,-124.2959722397,42.0623613883,725
"726",57,31,1601,424,-121.2043056967,35.6540283113,726
"727",59,38,1445,331,-121.9793056657,36.9540282593,727
"728",56,25,1745,513,-120.4626390597,34.4540283593,728
"729",58,36,1971,940,-116.9043058687,32.5706951013,729
"730",59,31,1443,331,-121.9793056657,36.9706949253,730
"731",62,34,1309,298,-122.2543056547,38.0873615473,731
"732",66,34,1061,66,-124.1876389107,40.1540281313,732
"733",62,36,1660,487,-120.6793057177,35.1623616643,733
"734",61,36,1745,512,-120.4709723927,34.4540283593,734
"735",66,34,1530,353,-121.7959723397,36.2456949543,735
"736",59,34,1296,313,-122.1293056597,38.1956948763,736
"737",58,35,1282,201,-123.0626389557,38.3123615383,737
"738",55,34,987,62,-124.2209722427,40.7706947733,738
"739",63,32,675,49,-124.3293055717,43.3706946693,739
"740",61,33,637,65,-124.1959722437,43.6873613233,740
"741",60,38,1830,760,-118.4043058087,33.7456950543,741
"742",63,36,987,62,-124.2209722427,40.7706947733,742
"743",60,34,1914,895,-117.2793058537,33.0456950823,743
"744",65,36,868,65,-124.1959722437,41.7623614003,744
"745",60,38,1786,673,-119.1293057797,34.1123617063,745
"746",60,27,1281,200,-123.0709722887,38.3206948713,746
"747",61,33,328,99,-123.9126389217,46.2623612203,747
"748",61,34,868,63,-124.2126389097,41.7623614003,748
"749",56,31,1059,64,-124.2043055767,40.1706947973,749
"750",61,34,240,91,-123.9793055857,46.9956945243,750
"751",54,36,1623,447,-121.0126390377,35.4706949853,751
"752",58,37,675,49,-124.3293055717,43.3706946693,752
"753",63,37,1282,201,-123.0626389557,38.3123615383,753
"754",60,39,1254,176,-123.2709722807,38.5456948623,754
"755",57,35,813,44,-124.3709722367,42.2206947153,755
"756",59,31,1791,746,-118.5209724707,34.0706950413,756
"757",61,33,1332,245,-122.6959723037,37.8956948883,757
"758",61,38,1440,323,-122.0459723297,36.9956949243,758
"759",62,31,1445,326,-122.0209723307,36.9540282593,759
"760",61,28,1282,201,-123.0626389557,38.3123615383,760
"761",56,32,1632,467,-120.8459723777,35.3956949883,761
"762",63,34,1491,341,-121.8959723357,36.5706949413,762
"763",63,34,1282,201,-123.0626389557,38.3123615383,763
"764",59,31,1957,899,-117.2459725217,32.6873617633,764
"765",56,33,1462,392,-121.4709723527,36.8123615983,765
"766",57,34,1642,466,-120.8543057107,35.3123616583,766
"767",62,31,867,64,-124.2043055767,41.7706947333,767
"768",60,32,1377,329,-121.9959723317,37.5206949033,768
"769",62,31,674,50,-124.3209722387,43.3790280023,769
"770",62,35,1598,417,-121.2626390277,35.6790283103,770
"771",60,31,1073,88,-124.0043055847,40.0540281353,771
"772",59,34,1223,141,-123.5626389357,38.8040281853,772
"773",59,31,1786,672,-119.1376391127,34.1123617063,773
"774",60,36,1957,900,-117.2376391887,32.6873617633,774
"775",60,35,1445,332,-121.9709723327,36.9540282593,775
"776",58,32,1004,64,-124.2043055767,40.6290281123,776
"777",59,29,1468,354,-121.7876390067,36.7623616003,777
"778",60,37,1444,333,-121.9626389997,36.9623615923,778
"779",59,39,1557,596,-119.7709724207,36.0206949633,779
"780",63,36,1745,512,-120.4709723927,34.4540283593,780
"781",60,38,635,65,-124.1959722437,43.7040279893,781
"782",65,34,868,63,-124.2126389097,41.7623614003,782
"783",57,34,1785,670,-119.1543057787,34.1206950393,783
"784",61,32,1332,245,-122.6959723037,37.8956948883,784
"785",64,35,1314,220,-122.9043056287,38.0456948823,785
"786",55,39,986,63,-124.2126389097,40.7790281063,786
"787",59,29,1902,889,-117.3293058517,33.1456950783,787
"788",57,39,1374,419,-121.2459723617,37.5456949023,788
"789",57,33,1076,81,-124.0626389157,40.0290281363,789
"790",58,33,675,50,-124.3209722387,43.3706946693,790
"791",60,39,1731,494,-120.6209723867,34.5706950213,791
"792",64,33,1257,181,-123.2293056157,38.5206948633,792
"793",65,34,1974,916,-117.1043058607,32.5456951023,793
"794",62,38,1633,609,-119.6626390917,35.3873616553,794
"795",66,33,1312,340,-121.9043056687,38.0623615483,795
"796",59,35,869,65,-124.1959722437,41.7540280673,796
"797",60,38,1786,673,-119.1293057797,34.1123617063,797
"798",63,32,636,65,-124.1959722437,43.6956946563,798
"799",62,28,975,-61,-125.2459722017,40.8706947693,799
"800",58,36,1732,493,-120.6293057197,34.5623616883,800
"801",62,34,1313,221,-122.8959722957,38.0540282153,801
"802",61,37,69,249,-122.6626389717,48.4206944673,802
"803",55,34,1730,509,-120.4959723917,34.5790283543,803
"804",56,31,947,190,-123.1543056187,41.1040280933,804
"805",58,35,1541,429,-121.1626390317,36.1540282913,805
"806",62,32,1974,914,-117.1209725267,32.5456951023,806
"807",60,38,1530,357,-121.7626390077,36.2456949543,807
"808",61,31,1445,332,-121.9709723327,36.9540282593,808
"809",63,35,1559,410,-121.3209723587,36.0040282973,809
"810",61,37,1444,333,-121.9626389997,36.9623615923,810
"811",55,34,1229,149,-123.4959722717,38.7540281873,811
"812",58,40,1658,746,-118.5209724707,35.1790283303,812
"813",62,35,1360,139,-123.5793056017,37.6623615643,813
"814",58,40,1259,185,-123.1959722837,38.5040281973,814
"815",59,34,1218,134,-123.6209722667,38.8456948503,815
"816",63,37,1314,356,-121.7709723407,38.0456948823,816
"817",63,31,1511,585,-119.8626390837,36.4040282813,817
"818",61,38,1283,201,-123.0626389557,38.3040282053,818
"819",63,33,1331,245,-122.6959723037,37.9040282213,819
"820",63,34,987,62,-124.2209722427,40.7706947733,820
"821",56,38,1787,674,-119.1209724467,34.1040283733,821
"822",55,36,1309,298,-122.2543056547,38.0873615473,822
"823",60,36,917,80,-124.0709722487,41.3540280833,823
"824",71,35,1731,493,-120.6293057197,34.5706950213,824
"825",61,34,1660,486,-120.6876390507,35.1623616643,825
"826",57,35,1063,70,-124.1543055787,40.1373614653,826
"827",58,32,1639,804,-118.0376391567,35.3373616573,827
"828",59,37,1795,705,-118.8626391237,34.0373617093,828
"829",58,33,1785,672,-119.1376391127,34.1206950393,829
"830",56,34,1283,201,-123.0626389557,38.3040282053,830
"831",59,33,1745,514,-120.4543057267,34.4540283593,831
"832",58,34,1932,899,-117.2459725217,32.8956950883,832
"833",58,25,1063,68,-124.1709722447,40.1373614653,833
"834",58,29,1956,900,-117.2376391887,32.6956950963,834
"835",62,37,1063,69,-124.1626389117,40.1373614653,835
"836",63,32,1331,245,-122.6959723037,37.9040282213,836
"837",59,32,1754,630,-119.4876390987,34.3790283623,837
"838",58,36,1958,899,-117.2459725217,32.6790284303,838
"839",56,33,1282,201,-123.0626389557,38.3123615383,839
"840",58,37,1063,69,-124.1626389117,40.1373614653,840
"841",56,29,1530,350,-121.8209723387,36.2456949543,841
"842",63,33,1833,772,-118.3043058127,33.7206950553,842
"843",62,32,1544,373,-121.6293056797,36.1290282923,843
"844",61,35,1622,446,-121.0209723707,35.4790283183,844
"845",60,36,1592,467,-120.8459723777,35.7290283083,845
"846",58,31,1282,201,-123.0626389557,38.3123615383,846
"847",61,35,1612,440,-121.0709723687,35.5623616483,847
"848",60,36,674,50,-124.3209722387,43.3790280023,848
"849",59,37,869,64,-124.2043055767,41.7540280673,849
"850",57,36,1786,675,-119.1126391137,34.1123617063,850
"851",60,37,635,65,-124.1959722437,43.7040279893,851
"852",60,35,1314,218,-122.9209722947,38.0456948823,852
"853",56,37,1597,416,-121.2709723607,35.6873616433,853
"854",63,35,1315,220,-122.9043056287,38.0373615493,854
"855",56,34,1444,331,-121.9793056657,36.9623615923,855
"856",61,29,1544,374,-121.6209723467,36.1290282923,856
"857",58,36,1754,633,-119.4626390997,34.3790283623,857
"858",64,36,1331,244,-122.7043056367,37.9040282213,858
"859",56,34,1638,734,-118.6209724667,35.3456949903,859
"860",55,27,749,29,-124.4959722317,42.7540280273,860
"861",59,38,1957,899,-117.2459725217,32.6873617633,861
"862",55,36,1124,115,-123.7793055937,39.6290281523,862
"863",61,34,1958,899,-117.2459725217,32.6790284303,863
"864",59,31,986,63,-124.2126389097,40.7790281063,864
"865",54,33,1365,792,-118.1376391527,37.6206948993,865
"866",62,22,1444,316,-122.1043056607,36.9623615923,866
"867",60,33,1490,699,-118.9126391217,36.5790282743,867
"868",63,33,1443,332,-121.9709723327,36.9706949253,868
"869",65,37,246,70,-124.1543055787,46.9456945263,869
"870",63,34,1749,591,-119.8126390857,34.4206950273,870
"871",55,30,1957,900,-117.2376391887,32.6873617633,871
"872",57,32,1597,736,-118.6043058007,35.6873616433,872
"873",58,30,1834,774,-118.2876391467,33.7123617223,873
"874",60,34,986,63,-124.2126389097,40.7790281063,874
"875",61,39,1611,439,-121.0793057017,35.5706949813,875
"876",55,32,1936,928,-117.0043058647,32.8623617563,876
"877",59,42,1944,900,-117.2376391887,32.7956950923,877
"878",59,30,1539,367,-121.6793056777,36.1706949573,878
"879",59,30,1346,294,-122.2876389867,37.7790282263,879
"880",66,31,1958,899,-117.2459725217,32.6790284303,880
"881",60,35,1612,440,-121.0709723687,35.5623616483,881
"882",61,38,1601,424,-121.2043056967,35.6540283113,882
"883",63,35,1124,116,-123.7709722607,39.6290281523,883
"884",64,35,1787,673,-119.1293057797,34.1040283733,884
"885",61,35,43,209,-122.9959722917,48.6373611253,885
"886",63,37,1428,46,-124.3543055707,37.0956949203,886
"887",57,37,247,70,-124.1543055787,46.9373611933,887
"888",57,36,675,50,-124.3209722387,43.3706946693,888
"889",55,30,1424,288,-122.3376389847,37.1290282523,889
"890",59,32,1329,250,-122.6543056387,37.9206948873,890
"891",60,34,987,62,-124.2209722427,40.7706947733,891
"892",60,35,328,100,-123.9043055887,46.2623612203,892
"893",61,39,1257,181,-123.2293056157,38.5206948633,893
"894",58,34,1439,407,-121.3459723577,37.0040282573,894
"895",58,36,1259,182,-123.2209722827,38.5040281973,895
"896",54,35,1861,844,-117.7043058367,33.4873617313,896
"897",63,40,1628,531,-120.3126390657,35.4290283203,897
"898",64,38,1282,201,-123.0626389557,38.3123615383,898
"899",59,33,1958,900,-117.2376391887,32.6790284303,899
"900",54,31,1731,493,-120.6293057197,34.5706950213,900
"901",65,38,329,99,-123.9126389217,46.2540278873,901
"902",61,35,1659,487,-120.6793057177,35.1706949973,902
"903",58,39,1378,270,-122.4876389787,37.5123615703,903
"904",63,37,1974,919,-117.0793058617,32.5456951023,904
"905",58,34,1973,933,-116.9626391997,32.5540284353,905
"906",66,39,1544,374,-121.6209723467,36.1290282923,906
"907",64,34,1599,418,-121.2543056947,35.6706949773,907
"908",57,32,1591,712,-118.8043057927,35.7373616413,908
"909",61,35,987,62,-124.2209722427,40.7706947733,909
"910",60,29,1602,425,-121.1959723637,35.6456949783,910
"911",59,32,1251,170,-123.3209722787,38.5706948613,911
"912",59,30,689,47,-124.3459722377,43.2540280073,912
"913",55,37,1884,873,-117.4626391797,33.2956950723,913
"914",66,31,1958,899,-117.2459725217,32.6790284303,914
"915",59,29,1310,298,-122.2543056547,38.0790282143,915
"916",56,35,832,53,-124.2959722397,42.0623613883,916
"917",61,35,675,49,-124.3293055717,43.3706946693,917
"918",62,36,1973,936,-116.9376392007,32.5540284353,918
"919",61,32,1747,593,-119.7959724197,34.4373616933,919
"920",59,34,1377,330,-121.9876389987,37.5206949033,920
"921",58,35,1282,201,-123.0626389557,38.3123615383,921
"922",59,35,636,66,-124.1876389107,43.6956946563,922
"923",56,31,1530,354,-121.7876390067,36.2456949543,923
"924",58,33,1939,915,-117.1126391937,32.8373617573,924
"925",60,40,1422,725,-118.6959724637,37.1456949183,925
"926",60,40,1054,135,-123.6126389337,40.2123614623,926
"927",61,34,1861,842,-117.7209725027,33.4873617313,927
"928",62,39,1529,350,-121.8209723387,36.2540282873,928
"929",61,33,1958,899,-117.2459725217,32.6790284303,929
"930",61,37,1975,914,-117.1209725267,32.5373617693,930
"931",62,29,444,94,-123.9543055867,45.2956945923,931
"932",62,36,2011,891,-117.3126391857,32.2373617813,932
"933",56,49,1957,900,-117.2376391887,32.6873617633,933
"934",63,31,1600,419,-121.2459723617,35.6623616443,934
"935",60,31,636,65,-124.1959722437,43.6956946563,935
"936",59,32,1830,760,-118.4043058087,33.7456950543,936
"937",55,36,1223,139,-123.5793056017,38.8040281853,937
"938",60,36,246,70,-124.1543055787,46.9456945263,938
"939",56,32,1254,497,-120.5959723877,38.5456948623,939
"940",62,35,1216,-298,-127.2209721227,38.8623615163,940
"941",60,30,636,65,-124.1959722437,43.6956946563,941
"942",60,36,986,63,-124.2126389097,40.7790281063,942
"943",58,27,869,64,-124.2043055767,41.7540280673,943
"944",59,37,1313,219,-122.9126389617,38.0540282153,944
"945",58,38,920,136,-123.6043056007,41.3290280843,945
"946",62,37,1958,899,-117.2459725217,32.6790284303,946
"947",56,37,1957,899,-117.2459725217,32.6873617633,947
"948",60,33,986,63,-124.2126389097,40.7790281063,948
"949",62,41,868,65,-124.1959722437,41.7623614003,949
"950",58,31,1958,898,-117.2543058547,32.6790284303,950
"951",58,39,985,64,-124.2043055767,40.7873614393,951
"952",59,33,1089,96,-123.9376389207,39.9206948073,952
"953",58,32,247,69,-124.1626389117,46.9373611933,953
"954",56,34,1529,350,-121.8209723387,36.2540282873,954
"955",67,40,1548,376,-121.6043056807,36.0956949603,955
"956",59,36,1732,495,-120.6126390537,34.5623616883,956
"957",64,33,1598,415,-121.2793056937,35.6790283103,957
"958",62,33,1978,-124,-125.7709721807,32.5123617703,958
"959",62,34,1281,200,-123.0709722887,38.3206948713,959
"960",61,36,987,62,-124.2209722427,40.7706947733,960
"961",61,31,1309,299,-122.2459723217,38.0873615473,961
"962",56,32,1547,375,-121.6126390137,36.1040282933,962
"963",60,38,1957,899,-117.2459725217,32.6873617633,963
"964",65,34,1336,259,-122.5793056417,37.8623615563,964
"965",51,33,1421,537,-120.2626390677,37.1540282513,965
"966",63,34,1704,496,-120.6043057207,34.7956950123,966
"967",62,31,1218,133,-123.6293055997,38.8456948503,967
"968",58,34,1973,914,-117.1209725267,32.5540284353,968
"969",64,37,987,62,-124.2209722427,40.7706947733,969
"970",52,34,1613,439,-121.0793057017,35.5540283153,970
"971",60,35,1444,332,-121.9709723327,36.9623615923,971
"972",56,36,749,29,-124.4959722317,42.7540280273,972
"973",63,31,1601,421,-121.2293056957,35.6540283113,973
"974",58,40,1310,298,-122.2543056547,38.0790282143,974
"975",63,33,1974,914,-117.1209725267,32.5456951023,975
"976",57,39,1786,673,-119.1293057797,34.1123617063,976
"977",60,37,1606,501,-120.5626390557,35.6123616463,977
"978",63,32,1957,900,-117.2376391887,32.6873617633,978
"979",62,31,1310,298,-122.2543056547,38.0790282143,979
"980",64,33,675,50,-124.3209722387,43.3706946693,980
"981",57,35,1546,374,-121.6209723467,36.1123616263,981
"982",55,30,1512,626,-119.5209724307,36.3956949483,982
"983",58,31,1614,442,-121.0543057027,35.5456949823,983
"984",61,38,1798,711,-118.8126391257,34.0123617103,984
"985",64,42,1793,695,-118.9459724537,34.0540283753,985
"986",59,36,749,28,-124.5043055647,42.7540280273,986
"987",64,29,1597,415,-121.2793056937,35.6873616433,987
"988",63,32,241,87,-124.0126389177,46.9873611913,988
"989",56,39,675,50,-124.3209722387,43.3706946693,989
"990",60,36,1575,398,-121.4209723547,35.8706949693,990
"991",57,39,1602,424,-121.2043056967,35.6456949783,991
"992",59,30,1533,359,-121.7459723417,36.2206949553,992
"993",62,36,1056,58,-124.2543055747,40.1956947963,993
"994",61,39,1730,492,-120.6376390527,34.5790283543,994
"995",63,38,1544,375,-121.6126390137,36.1290282923,995
"996",58,34,1958,899,-117.2459725217,32.6790284303,996
"997",62,35,1076,80,-124.0709722487,40.0290281363,997
"998",62,37,1284,202,-123.0543056227,38.2956948723,998
"999",53,33,1575,677,-119.0959724477,35.8706949693,999
"1000",59,38,1958,899,-117.2459725217,32.6790284303,1000
