"","Day","Step","Row","Column","X","Y","Agent"
"1",26,258,1658,485,-120.695833333333,35.1761823681993,1
"2",28,37,1626,462,-120.8875,35.442849034866,2
"3",13,65,1659,486,-120.6875,35.167849034866,3
"4",26,14,1659,486,-120.6875,35.167849034866,4
"5",21,328,1659,486,-120.6875,35.167849034866,5
"6",23,33,1659,485,-120.695833333333,35.167849034866,6
"7",17,17,1658,485,-120.695833333333,35.1761823681993,7
"8",26,74,1628,465,-120.8625,35.4261823681993,8
"9",21,328,1659,486,-120.6875,35.167849034866,9
"10",21,13,1659,486,-120.6875,35.167849034866,10
"11",13,6,1659,486,-120.6875,35.167849034866,11
"12",18,121,1659,486,-120.6875,35.167849034866,12
"13",12,267,1629,465,-120.8625,35.417849034866,13
"14",24,265,1640,465,-120.8625,35.3261823681993,14
"15",17,48,1640,465,-120.8625,35.3261823681993,15
"16",21,21,1659,485,-120.695833333333,35.167849034866,16
"17",30,30,1658,485,-120.695833333333,35.1761823681993,17
"18",22,66,1659,486,-120.6875,35.167849034866,18
"19",26,77,1659,486,-120.6875,35.167849034866,19
"20",21,143,1640,465,-120.8625,35.3261823681993,20
"21",22,44,1659,486,-120.6875,35.167849034866,21
"22",12,62,1659,486,-120.6875,35.167849034866,22
"23",22,10,1629,465,-120.8625,35.417849034866,23
"24",17,77,1658,485,-120.695833333333,35.1761823681993,24
"25",27,24,1658,485,-120.695833333333,35.1761823681993,25
"26",16,265,1612,439,-121.079166666667,35.5595157015326,26
"27",13,16,1658,485,-120.695833333333,35.1761823681993,27
"28",27,138,1659,486,-120.6875,35.167849034866,28
"29",24,13,1658,485,-120.695833333333,35.1761823681993,29
"30",19,147,1659,486,-120.6875,35.167849034866,30
"31",16,16,1658,485,-120.695833333333,35.1761823681993,31
"32",13,7,1659,486,-120.6875,35.167849034866,32
"33",21,21,1659,485,-120.695833333333,35.167849034866,33
"34",26,187,1632,466,-120.854166666667,35.3928490348659,34
"35",14,54,1658,485,-120.695833333333,35.1761823681993,35
"36",20,14,1628,465,-120.8625,35.4261823681993,36
"37",25,18,1632,466,-120.854166666667,35.3928490348659,37
"38",18,42,1659,486,-120.6875,35.167849034866,38
"39",21,21,1659,485,-120.695833333333,35.167849034866,39
"40",19,126,1659,486,-120.6875,35.167849034866,40
"41",12,62,1659,486,-120.6875,35.167849034866,41
"42",21,13,1659,486,-120.6875,35.167849034866,42
"43",24,40,1658,485,-120.695833333333,35.1761823681993,43
"44",26,45,1631,466,-120.854166666667,35.4011823681993,44
"45",24,174,1659,486,-120.6875,35.167849034866,45
"46",26,167,1631,466,-120.854166666667,35.4011823681993,46
"47",24,13,1631,466,-120.854166666667,35.4011823681993,47
"48",30,150,1640,465,-120.8625,35.3261823681993,48
"49",30,54,1659,485,-120.695833333333,35.167849034866,49
"50",23,14,1658,485,-120.695833333333,35.1761823681993,50
"51",22,210,1659,486,-120.6875,35.167849034866,51
"52",22,22,1659,486,-120.6875,35.167849034866,52
"53",11,94,1658,485,-120.695833333333,35.1761823681993,53
"54",23,253,1659,485,-120.695833333333,35.167849034866,54
"55",24,296,1640,465,-120.8625,35.3261823681993,55
"56",15,31,1625,461,-120.895833333333,35.4511823681993,56
"57",15,254,1625,461,-120.895833333333,35.4511823681993,57
"58",22,68,1628,465,-120.8625,35.4261823681993,58
"59",17,307,1659,486,-120.6875,35.167849034866,59
"60",24,363,1659,486,-120.6875,35.167849034866,60
"61",21,328,1659,486,-120.6875,35.167849034866,61
"62",22,528,1659,486,-120.6875,35.167849034866,62
"63",18,104,1659,486,-120.6875,35.167849034866,63
"64",16,68,1658,485,-120.695833333333,35.1761823681993,64
"65",26,138,1658,485,-120.695833333333,35.1761823681993,65
"66",18,124,1659,486,-120.6875,35.167849034866,66
"67",23,269,1658,485,-120.695833333333,35.1761823681993,67
"68",17,74,1658,485,-120.695833333333,35.1761823681993,68
"69",24,360,1628,465,-120.8625,35.4261823681993,69
"70",28,220,1629,466,-120.854166666667,35.417849034866,70
"71",22,7,1658,485,-120.695833333333,35.1761823681993,71
"72",12,173,1659,486,-120.6875,35.167849034866,72
"73",22,46,1658,485,-120.695833333333,35.1761823681993,73
"74",19,301,1659,485,-120.695833333333,35.167849034866,74
"75",22,42,1659,486,-120.6875,35.167849034866,75
"76",13,6,1659,486,-120.6875,35.167849034866,76
"77",17,17,1658,485,-120.695833333333,35.1761823681993,77
"78",16,78,1658,485,-120.695833333333,35.1761823681993,78
"79",14,19,1658,485,-120.695833333333,35.1761823681993,79
"80",16,12,1628,465,-120.8625,35.4261823681993,80
"81",28,72,1659,486,-120.6875,35.167849034866,81
"82",13,46,1659,486,-120.6875,35.167849034866,82
"83",26,15,1629,466,-120.854166666667,35.417849034866,83
"84",17,291,1640,465,-120.8625,35.3261823681993,84
"85",12,63,1659,486,-120.6875,35.167849034866,85
"86",12,24,1659,486,-120.6875,35.167849034866,86
"87",17,31,1659,486,-120.6875,35.167849034866,87
"88",23,140,1659,486,-120.6875,35.167849034866,88
"89",23,7,1632,466,-120.854166666667,35.3928490348659,89
"90",21,21,1659,485,-120.695833333333,35.167849034866,90
"91",30,34,1658,485,-120.695833333333,35.1761823681993,91
"92",23,142,1659,486,-120.6875,35.167849034866,92
"93",17,333,1640,465,-120.8625,35.3261823681993,93
"94",26,15,1629,466,-120.854166666667,35.417849034866,94
"95",23,38,1659,486,-120.6875,35.167849034866,95
"96",23,269,1658,485,-120.695833333333,35.1761823681993,96
"97",24,27,1659,486,-120.6875,35.167849034866,97
"98",22,528,1659,486,-120.6875,35.167849034866,98
"99",19,90,1658,485,-120.695833333333,35.1761823681993,99
"100",19,157,1659,486,-120.6875,35.167849034866,100
"101",30,48,1659,486,-120.6875,35.167849034866,101
"102",23,44,1659,486,-120.6875,35.167849034866,102
"103",30,524,1640,465,-120.8625,35.3261823681993,103
"104",11,94,1658,485,-120.695833333333,35.1761823681993,104
"105",26,26,1658,485,-120.695833333333,35.1761823681993,105
"106",13,26,1659,486,-120.6875,35.167849034866,106
"107",23,345,1659,486,-120.6875,35.167849034866,107
"108",24,39,1632,466,-120.854166666667,35.3928490348659,108
"109",24,49,1659,486,-120.6875,35.167849034866,109
"110",20,100,1659,486,-120.6875,35.167849034866,110
"111",23,13,1659,486,-120.6875,35.167849034866,111
"112",13,7,1659,486,-120.6875,35.167849034866,112
"113",18,124,1659,486,-120.6875,35.167849034866,113
"114",15,284,1659,486,-120.6875,35.167849034866,114
"115",24,580,1632,466,-120.854166666667,35.3928490348659,115
"116",24,368,1612,438,-121.0875,35.5595157015326,116
"117",23,36,1658,485,-120.695833333333,35.1761823681993,117
"118",23,53,1658,485,-120.695833333333,35.1761823681993,118
"119",21,328,1659,486,-120.6875,35.167849034866,119
"120",16,23,1659,486,-120.6875,35.167849034866,120
"121",24,9,1625,461,-120.895833333333,35.4511823681993,121
"122",15,98,1628,464,-120.870833333333,35.4261823681993,122
"123",19,73,1658,485,-120.695833333333,35.1761823681993,123
"124",28,54,1658,485,-120.695833333333,35.1761823681993,124
"125",18,174,1658,485,-120.695833333333,35.1761823681993,125
"126",22,8,1659,486,-120.6875,35.167849034866,126
"127",18,124,1659,486,-120.6875,35.167849034866,127
"128",26,45,1631,466,-120.854166666667,35.4011823681993,128
"129",20,8,1659,485,-120.695833333333,35.167849034866,129
"130",19,79,1659,485,-120.695833333333,35.167849034866,130
"131",14,203,1626,462,-120.8875,35.442849034866,131
"132",18,479,1659,486,-120.6875,35.167849034866,132
"133",17,185,1631,466,-120.854166666667,35.4011823681993,133
"134",13,77,1631,466,-120.854166666667,35.4011823681993,134
"135",14,5,1659,486,-120.6875,35.167849034866,135
"136",19,73,1658,485,-120.695833333333,35.1761823681993,136
"137",16,14,1659,486,-120.6875,35.167849034866,137
"138",26,116,1658,485,-120.695833333333,35.1761823681993,138
"139",15,314,1659,486,-120.6875,35.167849034866,139
"140",18,87,1628,465,-120.8625,35.4261823681993,140
"141",14,237,1658,485,-120.695833333333,35.1761823681993,141
"142",26,134,1659,485,-120.695833333333,35.167849034866,142
"143",13,7,1659,486,-120.6875,35.167849034866,143
"144",14,80,1659,486,-120.6875,35.167849034866,144
"145",22,210,1659,486,-120.6875,35.167849034866,145
"146",14,9,1659,485,-120.695833333333,35.167849034866,146
"147",22,321,1629,465,-120.8625,35.417849034866,147
"148",21,13,1659,486,-120.6875,35.167849034866,148
"149",17,139,1611,438,-121.0875,35.567849034866,149
"150",28,47,1626,462,-120.8875,35.442849034866,150
"151",25,72,1659,486,-120.6875,35.167849034866,151
"152",23,63,1628,465,-120.8625,35.4261823681993,152
"153",17,152,1640,465,-120.8625,35.3261823681993,153
"154",20,62,1658,485,-120.695833333333,35.1761823681993,154
"155",18,46,1659,486,-120.6875,35.167849034866,155
"156",22,259,1658,485,-120.695833333333,35.1761823681993,156
"157",12,24,1659,486,-120.6875,35.167849034866,157
"158",13,576,1658,485,-120.695833333333,35.1761823681993,158
"159",20,14,1628,465,-120.8625,35.4261823681993,159
"160",24,55,1612,439,-121.079166666667,35.5595157015326,160
"161",20,45,1658,485,-120.695833333333,35.1761823681993,161
"162",29,143,1658,485,-120.695833333333,35.1761823681993,162
"163",24,24,1626,461,-120.895833333333,35.442849034866,163
"164",30,13,1658,485,-120.695833333333,35.1761823681993,164
"165",17,330,1658,485,-120.695833333333,35.1761823681993,165
"166",22,10,1658,485,-120.695833333333,35.1761823681993,166
"167",20,14,1628,465,-120.8625,35.4261823681993,167
"168",20,14,1628,465,-120.8625,35.4261823681993,168
"169",19,73,1658,485,-120.695833333333,35.1761823681993,169
"170",28,83,1659,486,-120.6875,35.167849034866,170
"171",10,84,1658,485,-120.695833333333,35.1761823681993,171
"172",17,225,1640,465,-120.8625,35.3261823681993,172
"173",15,50,1628,464,-120.870833333333,35.4261823681993,173
"174",20,14,1628,465,-120.8625,35.4261823681993,174
"175",23,16,1659,485,-120.695833333333,35.167849034866,175
"176",16,560,1659,486,-120.6875,35.167849034866,176
"177",26,8,1658,485,-120.695833333333,35.1761823681993,177
"178",27,56,1632,466,-120.854166666667,35.3928490348659,178
"179",19,43,1659,486,-120.6875,35.167849034866,179
"180",20,14,1628,465,-120.8625,35.4261823681993,180
"181",18,275,1658,485,-120.695833333333,35.1761823681993,181
"182",22,260,1658,485,-120.695833333333,35.1761823681993,182
"183",23,44,1659,486,-120.6875,35.167849034866,183
"184",28,57,1659,486,-120.6875,35.167849034866,184
"185",22,187,1659,486,-120.6875,35.167849034866,185
"186",26,103,1632,465,-120.8625,35.3928490348659,186
"187",12,389,1640,465,-120.8625,35.3261823681993,187
"188",29,245,1629,466,-120.854166666667,35.417849034866,188
"189",14,109,1659,485,-120.695833333333,35.167849034866,189
"190",26,183,1629,466,-120.854166666667,35.417849034866,190
"191",22,23,1658,485,-120.695833333333,35.1761823681993,191
"192",23,253,1658,485,-120.695833333333,35.1761823681993,192
"193",23,6,1659,486,-120.6875,35.167849034866,193
"194",21,328,1659,486,-120.6875,35.167849034866,194
"195",26,257,1640,465,-120.8625,35.3261823681993,195
"196",22,260,1658,485,-120.695833333333,35.1761823681993,196
"197",10,81,1658,485,-120.695833333333,35.1761823681993,197
"198",16,35,1658,485,-120.695833333333,35.1761823681993,198
"199",25,324,1658,485,-120.695833333333,35.1761823681993,199
"200",24,30,1611,438,-121.0875,35.567849034866,200
"201",24,27,1659,486,-120.6875,35.167849034866,201
"202",12,24,1659,486,-120.6875,35.167849034866,202
"203",14,231,1631,466,-120.854166666667,35.4011823681993,203
"204",17,14,1659,485,-120.695833333333,35.167849034866,204
"205",13,46,1659,486,-120.6875,35.167849034866,205
"206",20,14,1628,465,-120.8625,35.4261823681993,206
"207",17,110,1658,485,-120.695833333333,35.1761823681993,207
"208",22,373,1659,486,-120.6875,35.167849034866,208
"209",12,103,1658,485,-120.695833333333,35.1761823681993,209
"210",28,220,1629,466,-120.854166666667,35.417849034866,210
"211",22,22,1658,485,-120.695833333333,35.1761823681993,211
"212",16,333,1658,485,-120.695833333333,35.1761823681993,212
"213",12,255,1640,465,-120.8625,35.3261823681993,213
"214",28,184,1631,466,-120.854166666667,35.4011823681993,214
"215",16,68,1658,485,-120.695833333333,35.1761823681993,215
"216",11,49,1659,486,-120.6875,35.167849034866,216
"217",22,116,1659,486,-120.6875,35.167849034866,217
"218",27,68,1658,485,-120.695833333333,35.1761823681993,218
"219",22,279,1659,485,-120.695833333333,35.167849034866,219
"220",16,29,1628,464,-120.870833333333,35.4261823681993,220
"221",26,288,1658,485,-120.695833333333,35.1761823681993,221
"222",23,157,1658,485,-120.695833333333,35.1761823681993,222
"223",16,8,1628,465,-120.8625,35.4261823681993,223
"224",17,49,1659,485,-120.695833333333,35.167849034866,224
"225",23,158,1658,485,-120.695833333333,35.1761823681993,225
"226",30,9,1658,485,-120.695833333333,35.1761823681993,226
"227",23,20,1658,485,-120.695833333333,35.1761823681993,227
"228",21,30,1628,465,-120.8625,35.4261823681993,228
"229",16,12,1658,485,-120.695833333333,35.1761823681993,229
"230",22,171,1659,486,-120.6875,35.167849034866,230
"231",24,39,1626,462,-120.8875,35.442849034866,231
"232",21,21,1659,485,-120.695833333333,35.167849034866,232
"233",27,27,1658,485,-120.695833333333,35.1761823681993,233
"234",21,29,1658,485,-120.695833333333,35.1761823681993,234
"235",17,161,1640,465,-120.8625,35.3261823681993,235
"236",16,32,1659,486,-120.6875,35.167849034866,236
"237",30,16,1659,486,-120.6875,35.167849034866,237
"238",19,13,1659,486,-120.6875,35.167849034866,238
"239",12,76,1632,466,-120.854166666667,35.3928490348659,239
"240",17,50,1659,486,-120.6875,35.167849034866,240
"241",23,34,1658,485,-120.695833333333,35.1761823681993,241
"242",20,31,1658,485,-120.695833333333,35.1761823681993,242
"243",17,333,1640,465,-120.8625,35.3261823681993,243
"244",21,21,1659,485,-120.695833333333,35.167849034866,244
"245",20,14,1628,465,-120.8625,35.4261823681993,245
"246",19,56,1659,486,-120.6875,35.167849034866,246
"247",19,34,1658,485,-120.695833333333,35.1761823681993,247
"248",12,17,1658,485,-120.695833333333,35.1761823681993,248
"249",24,266,1640,465,-120.8625,35.3261823681993,249
"250",22,166,1659,486,-120.6875,35.167849034866,250
"251",12,173,1659,486,-120.6875,35.167849034866,251
"252",19,28,1659,486,-120.6875,35.167849034866,252
"253",28,210,1629,466,-120.854166666667,35.417849034866,253
"254",13,317,1658,485,-120.695833333333,35.1761823681993,254
"255",12,26,1659,485,-120.695833333333,35.167849034866,255
"256",12,92,1658,485,-120.695833333333,35.1761823681993,256
"257",24,228,1640,465,-120.8625,35.3261823681993,257
"258",21,21,1659,485,-120.695833333333,35.167849034866,258
"259",11,181,1659,486,-120.6875,35.167849034866,259
"260",11,94,1658,485,-120.695833333333,35.1761823681993,260
"261",30,182,1659,486,-120.6875,35.167849034866,261
"262",17,283,1659,486,-120.6875,35.167849034866,262
"263",17,38,1658,485,-120.695833333333,35.1761823681993,263
"264",19,146,1659,486,-120.6875,35.167849034866,264
"265",26,135,1659,485,-120.695833333333,35.167849034866,265
"266",27,136,1659,486,-120.6875,35.167849034866,266
"267",20,8,1659,485,-120.695833333333,35.167849034866,267
"268",30,88,1659,485,-120.695833333333,35.167849034866,268
"269",26,332,1659,486,-120.6875,35.167849034866,269
"270",27,103,1626,462,-120.8875,35.442849034866,270
"271",16,12,1659,486,-120.6875,35.167849034866,271
"272",12,16,1659,486,-120.6875,35.167849034866,272
"273",30,48,1659,486,-120.6875,35.167849034866,273
"274",23,225,1658,485,-120.695833333333,35.1761823681993,274
"275",26,15,1629,466,-120.854166666667,35.417849034866,275
"276",16,78,1658,485,-120.695833333333,35.1761823681993,276
"277",24,32,1659,485,-120.695833333333,35.167849034866,277
"278",23,360,1659,485,-120.695833333333,35.167849034866,278
"279",12,62,1659,486,-120.6875,35.167849034866,279
"280",13,63,1659,486,-120.6875,35.167849034866,280
"281",22,46,1658,485,-120.695833333333,35.1761823681993,281
"282",24,132,1626,462,-120.8875,35.442849034866,282
"283",22,166,1659,486,-120.6875,35.167849034866,283
"284",28,207,1629,466,-120.854166666667,35.417849034866,284
"285",10,131,1658,485,-120.695833333333,35.1761823681993,285
"286",27,248,1640,465,-120.8625,35.3261823681993,286
"287",28,220,1629,466,-120.854166666667,35.417849034866,287
"288",27,91,1659,486,-120.6875,35.167849034866,288
"289",17,240,1640,465,-120.8625,35.3261823681993,289
"290",12,59,1626,462,-120.8875,35.442849034866,290
"291",19,103,1659,486,-120.6875,35.167849034866,291
"292",23,7,1632,466,-120.854166666667,35.3928490348659,292
"293",28,518,1629,466,-120.854166666667,35.417849034866,293
"294",17,149,1640,465,-120.8625,35.3261823681993,294
"295",13,33,1659,485,-120.695833333333,35.167849034866,295
"296",18,21,1628,464,-120.870833333333,35.4261823681993,296
"297",12,60,1659,485,-120.695833333333,35.167849034866,297
"298",16,7,1659,486,-120.6875,35.167849034866,298
"299",22,259,1658,485,-120.695833333333,35.1761823681993,299
"300",12,76,1658,485,-120.695833333333,35.1761823681993,300
"301",26,15,1629,466,-120.854166666667,35.417849034866,301
"302",25,109,1632,466,-120.854166666667,35.3928490348659,302
"303",23,6,1659,486,-120.6875,35.167849034866,303
"304",20,14,1628,465,-120.8625,35.4261823681993,304
"305",26,167,1631,466,-120.854166666667,35.4011823681993,305
"306",23,269,1658,485,-120.695833333333,35.1761823681993,306
"307",24,9,1625,461,-120.895833333333,35.4511823681993,307
"308",28,18,1658,485,-120.695833333333,35.1761823681993,308
"309",26,16,1628,464,-120.870833333333,35.4261823681993,309
"310",24,55,1632,466,-120.854166666667,35.3928490348659,310
"311",16,23,1659,486,-120.6875,35.167849034866,311
"312",22,9,1659,485,-120.695833333333,35.167849034866,312
"313",13,138,1640,465,-120.8625,35.3261823681993,313
"314",27,132,1658,485,-120.695833333333,35.1761823681993,314
"315",27,68,1658,485,-120.695833333333,35.1761823681993,315
"316",23,13,1658,485,-120.695833333333,35.1761823681993,316
"317",23,157,1658,485,-120.695833333333,35.1761823681993,317
"318",26,174,1631,466,-120.854166666667,35.4011823681993,318
"319",31,7,1631,466,-120.854166666667,35.4011823681993,319
"320",26,8,1658,485,-120.695833333333,35.1761823681993,320
"321",14,191,1658,485,-120.695833333333,35.1761823681993,321
"322",24,13,1658,485,-120.695833333333,35.1761823681993,322
"323",17,337,1658,485,-120.695833333333,35.1761823681993,323
"324",15,303,1659,486,-120.6875,35.167849034866,324
"325",23,7,1659,485,-120.695833333333,35.167849034866,325
"326",20,31,1658,485,-120.695833333333,35.1761823681993,326
"327",13,93,1658,485,-120.695833333333,35.1761823681993,327
"328",30,32,1659,486,-120.6875,35.167849034866,328
"329",25,75,1658,485,-120.695833333333,35.1761823681993,329
"330",12,308,1640,465,-120.8625,35.3261823681993,330
"331",13,7,1658,485,-120.695833333333,35.1761823681993,331
"332",26,305,1659,486,-120.6875,35.167849034866,332
"333",12,489,1640,465,-120.8625,35.3261823681993,333
"334",21,21,1659,485,-120.695833333333,35.167849034866,334
"335",21,310,1659,486,-120.6875,35.167849034866,335
"336",11,162,1659,486,-120.6875,35.167849034866,336
"337",14,14,1659,486,-120.6875,35.167849034866,337
"338",24,36,1658,485,-120.695833333333,35.1761823681993,338
"339",22,128,1629,465,-120.8625,35.417849034866,339
"340",25,62,1659,486,-120.6875,35.167849034866,340
"341",28,518,1629,466,-120.854166666667,35.417849034866,341
"342",28,83,1659,486,-120.6875,35.167849034866,342
"343",28,21,1658,485,-120.695833333333,35.1761823681993,343
"344",29,81,1659,486,-120.6875,35.167849034866,344
"345",14,5,1658,485,-120.695833333333,35.1761823681993,345
"346",11,113,1659,486,-120.6875,35.167849034866,346
"347",22,160,1659,486,-120.6875,35.167849034866,347
"348",27,60,1631,465,-120.8625,35.4011823681993,348
"349",20,14,1628,465,-120.8625,35.4261823681993,349
"350",27,135,1659,486,-120.6875,35.167849034866,350
"351",17,36,1659,486,-120.6875,35.167849034866,351
"352",26,175,1658,485,-120.695833333333,35.1761823681993,352
"353",29,143,1658,485,-120.695833333333,35.1761823681993,353
"354",26,8,1658,485,-120.695833333333,35.1761823681993,354
"355",18,49,1658,485,-120.695833333333,35.1761823681993,355
"356",24,13,1659,485,-120.695833333333,35.167849034866,356
"357",29,35,1629,466,-120.854166666667,35.417849034866,357
"358",23,6,1659,486,-120.6875,35.167849034866,358
"359",20,31,1658,485,-120.695833333333,35.1761823681993,359
"360",24,361,1612,438,-121.0875,35.5595157015326,360
"361",27,134,1625,461,-120.895833333333,35.4511823681993,361
"362",16,78,1658,485,-120.695833333333,35.1761823681993,362
"363",22,8,1658,485,-120.695833333333,35.1761823681993,363
"364",13,576,1658,485,-120.695833333333,35.1761823681993,364
"365",26,187,1658,485,-120.695833333333,35.1761823681993,365
"366",29,64,1659,486,-120.6875,35.167849034866,366
"367",19,56,1659,486,-120.6875,35.167849034866,367
"368",26,149,1629,466,-120.854166666667,35.417849034866,368
"369",23,14,1659,486,-120.6875,35.167849034866,369
"370",18,12,1626,462,-120.8875,35.442849034866,370
"371",24,204,1640,465,-120.8625,35.3261823681993,371
"372",17,307,1659,486,-120.6875,35.167849034866,372
"373",17,48,1658,485,-120.695833333333,35.1761823681993,373
"374",24,32,1659,485,-120.695833333333,35.167849034866,374
"375",25,18,1632,466,-120.854166666667,35.3928490348659,375
"376",15,284,1659,486,-120.6875,35.167849034866,376
"377",10,40,1659,486,-120.6875,35.167849034866,377
"378",22,373,1629,465,-120.8625,35.417849034866,378
"379",23,34,1658,485,-120.695833333333,35.1761823681993,379
"380",26,135,1659,485,-120.695833333333,35.167849034866,380
"381",13,15,1658,485,-120.695833333333,35.1761823681993,381
"382",11,222,1659,485,-120.695833333333,35.167849034866,382
"383",15,284,1659,486,-120.6875,35.167849034866,383
"384",24,55,1632,466,-120.854166666667,35.3928490348659,384
"385",22,121,1659,486,-120.6875,35.167849034866,385
"386",25,234,1658,485,-120.695833333333,35.1761823681993,386
"387",17,240,1640,465,-120.8625,35.3261823681993,387
"388",12,190,1659,485,-120.695833333333,35.167849034866,388
"389",22,259,1658,485,-120.695833333333,35.1761823681993,389
"390",15,160,1612,438,-121.0875,35.5595157015326,390
"391",29,45,1659,485,-120.695833333333,35.167849034866,391
"392",28,57,1659,486,-120.6875,35.167849034866,392
"393",17,201,1659,486,-120.6875,35.167849034866,393
"394",22,259,1658,485,-120.695833333333,35.1761823681993,394
"395",23,53,1658,485,-120.695833333333,35.1761823681993,395
"396",14,290,1658,485,-120.695833333333,35.1761823681993,396
"397",26,552,1658,485,-120.695833333333,35.1761823681993,397
"398",26,8,1658,485,-120.695833333333,35.1761823681993,398
"399",16,333,1658,485,-120.695833333333,35.1761823681993,399
"400",23,4,1659,486,-120.6875,35.167849034866,400
"401",28,301,1659,486,-120.6875,35.167849034866,401
"402",15,8,1625,461,-120.895833333333,35.4511823681993,402
"403",23,34,1658,485,-120.695833333333,35.1761823681993,403
"404",13,67,1659,485,-120.695833333333,35.167849034866,404
"405",16,14,1659,486,-120.6875,35.167849034866,405
"406",16,32,1659,486,-120.6875,35.167849034866,406
"407",26,15,1629,466,-120.854166666667,35.417849034866,407
"408",18,138,1658,485,-120.695833333333,35.1761823681993,408
"409",26,15,1629,466,-120.854166666667,35.417849034866,409
"410",26,71,1629,466,-120.854166666667,35.417849034866,410
"411",24,32,1659,485,-120.695833333333,35.167849034866,411
"412",12,308,1640,465,-120.8625,35.3261823681993,412
"413",13,7,1659,486,-120.6875,35.167849034866,413
"414",23,25,1658,485,-120.695833333333,35.1761823681993,414
"415",26,69,1629,466,-120.854166666667,35.417849034866,415
"416",12,76,1658,485,-120.695833333333,35.1761823681993,416
"417",30,16,1659,486,-120.6875,35.167849034866,417
"418",26,270,1658,485,-120.695833333333,35.1761823681993,418
"419",20,14,1628,465,-120.8625,35.4261823681993,419
"420",27,135,1659,486,-120.6875,35.167849034866,420
"421",12,26,1659,486,-120.6875,35.167849034866,421
"422",26,165,1659,485,-120.695833333333,35.167849034866,422
"423",28,54,1658,485,-120.695833333333,35.1761823681993,423
"424",26,171,1658,485,-120.695833333333,35.1761823681993,424
"425",28,250,1629,466,-120.854166666667,35.417849034866,425
"426",12,81,1658,485,-120.695833333333,35.1761823681993,426
"427",24,160,1626,462,-120.8875,35.442849034866,427
"428",23,321,1659,486,-120.6875,35.167849034866,428
"429",23,4,1659,486,-120.6875,35.167849034866,429
"430",28,184,1631,466,-120.854166666667,35.4011823681993,430
"431",30,21,1659,485,-120.695833333333,35.167849034866,431
"432",30,88,1659,485,-120.695833333333,35.167849034866,432
"433",13,43,1659,486,-120.6875,35.167849034866,433
"434",24,12,1659,486,-120.6875,35.167849034866,434
"435",23,94,1658,485,-120.695833333333,35.1761823681993,435
"436",24,360,1628,465,-120.8625,35.4261823681993,436
"437",23,132,1658,485,-120.695833333333,35.1761823681993,437
"438",14,18,1658,485,-120.695833333333,35.1761823681993,438
"439",31,32,1632,466,-120.854166666667,35.3928490348659,439
"440",16,22,1628,464,-120.870833333333,35.4261823681993,440
"441",17,294,1640,465,-120.8625,35.3261823681993,441
"442",14,574,1659,486,-120.6875,35.167849034866,442
"443",26,15,1629,466,-120.854166666667,35.417849034866,443
"444",27,53,1629,466,-120.854166666667,35.417849034866,444
"445",29,11,1658,485,-120.695833333333,35.1761823681993,445
"446",23,307,1659,486,-120.6875,35.167849034866,446
"447",29,74,1658,485,-120.695833333333,35.1761823681993,447
"448",30,32,1659,486,-120.6875,35.167849034866,448
"449",15,53,1658,485,-120.695833333333,35.1761823681993,449
"450",29,122,1658,485,-120.695833333333,35.1761823681993,450
"451",20,67,1658,485,-120.695833333333,35.1761823681993,451
"452",11,38,1658,485,-120.695833333333,35.1761823681993,452
"453",22,166,1659,486,-120.6875,35.167849034866,453
"454",22,10,1658,485,-120.695833333333,35.1761823681993,454
"455",27,15,1658,485,-120.695833333333,35.1761823681993,455
"456",12,27,1658,485,-120.695833333333,35.1761823681993,456
"457",24,39,1659,486,-120.6875,35.167849034866,457
"458",17,49,1659,485,-120.695833333333,35.167849034866,458
"459",13,7,1659,486,-120.6875,35.167849034866,459
"460",26,26,1658,485,-120.695833333333,35.1761823681993,460
"461",27,24,1658,485,-120.695833333333,35.1761823681993,461
"462",17,225,1640,465,-120.8625,35.3261823681993,462
"463",26,28,1629,466,-120.854166666667,35.417849034866,463
"464",18,223,1658,485,-120.695833333333,35.1761823681993,464
"465",21,328,1659,486,-120.6875,35.167849034866,465
"466",21,57,1658,485,-120.695833333333,35.1761823681993,466
"467",10,39,1659,486,-120.6875,35.167849034866,467
"468",24,39,1659,486,-120.6875,35.167849034866,468
"469",20,14,1628,465,-120.8625,35.4261823681993,469
"470",26,165,1659,485,-120.695833333333,35.167849034866,470
"471",26,327,1658,485,-120.695833333333,35.1761823681993,471
"472",30,16,1659,486,-120.6875,35.167849034866,472
"473",17,209,1611,438,-121.0875,35.567849034866,473
"474",19,263,1658,485,-120.695833333333,35.1761823681993,474
"475",17,48,1659,486,-120.6875,35.167849034866,475
"476",16,333,1658,485,-120.695833333333,35.1761823681993,476
"477",20,14,1628,465,-120.8625,35.4261823681993,477
"478",18,124,1659,486,-120.6875,35.167849034866,478
"479",13,559,1658,485,-120.695833333333,35.1761823681993,479
"480",26,405,1659,486,-120.6875,35.167849034866,480
"481",27,7,1625,461,-120.895833333333,35.4511823681993,481
"482",23,114,1628,464,-120.870833333333,35.4261823681993,482
"483",21,57,1658,485,-120.695833333333,35.1761823681993,483
"484",21,38,1626,462,-120.8875,35.442849034866,484
"485",19,270,1658,485,-120.695833333333,35.1761823681993,485
"486",12,24,1659,486,-120.6875,35.167849034866,486
"487",17,77,1658,485,-120.695833333333,35.1761823681993,487
"488",21,21,1659,485,-120.695833333333,35.167849034866,488
"489",27,309,1611,438,-121.0875,35.567849034866,489
"490",27,275,1659,486,-120.6875,35.167849034866,490
"491",26,175,1658,485,-120.695833333333,35.1761823681993,491
"492",12,19,1659,485,-120.695833333333,35.167849034866,492
"493",19,108,1658,485,-120.695833333333,35.1761823681993,493
"494",27,136,1658,485,-120.695833333333,35.1761823681993,494
"495",29,81,1659,486,-120.6875,35.167849034866,495
"496",26,165,1659,485,-120.695833333333,35.167849034866,496
"497",23,225,1658,485,-120.695833333333,35.1761823681993,497
"498",22,223,1659,486,-120.6875,35.167849034866,498
"499",23,140,1659,486,-120.6875,35.167849034866,499
"500",28,409,1659,486,-120.6875,35.167849034866,500
"501",26,15,1629,466,-120.854166666667,35.417849034866,501
"502",17,28,1658,485,-120.695833333333,35.1761823681993,502
"503",22,10,1658,485,-120.695833333333,35.1761823681993,503
"504",21,26,1658,485,-120.695833333333,35.1761823681993,504
"505",23,38,1659,486,-120.6875,35.167849034866,505
"506",23,204,1640,465,-120.8625,35.3261823681993,506
"507",28,47,1626,462,-120.8875,35.442849034866,507
"508",26,74,1628,465,-120.8625,35.4261823681993,508
"509",14,21,1658,485,-120.695833333333,35.1761823681993,509
"510",21,21,1659,485,-120.695833333333,35.167849034866,510
"511",26,183,1629,466,-120.854166666667,35.417849034866,511
"512",24,296,1640,465,-120.8625,35.3261823681993,512
"513",17,28,1658,485,-120.695833333333,35.1761823681993,513
"514",29,573,1658,485,-120.695833333333,35.1761823681993,514
"515",21,21,1659,485,-120.695833333333,35.167849034866,515
"516",12,24,1659,486,-120.6875,35.167849034866,516
"517",22,12,1658,485,-120.695833333333,35.1761823681993,517
"518",26,552,1658,485,-120.695833333333,35.1761823681993,518
"519",16,318,1629,466,-120.854166666667,35.417849034866,519
"520",17,203,1631,466,-120.854166666667,35.4011823681993,520
"521",19,133,1659,486,-120.6875,35.167849034866,521
"522",22,41,1659,486,-120.6875,35.167849034866,522
"523",30,524,1640,465,-120.8625,35.3261823681993,523
"524",27,135,1659,486,-120.6875,35.167849034866,524
"525",21,21,1659,485,-120.695833333333,35.167849034866,525
"526",17,291,1640,465,-120.8625,35.3261823681993,526
"527",26,350,1658,485,-120.695833333333,35.1761823681993,527
"528",24,136,1640,465,-120.8625,35.3261823681993,528
"529",17,20,1625,461,-120.895833333333,35.4511823681993,529
"530",28,465,1631,466,-120.854166666667,35.4011823681993,530
"531",24,145,1640,465,-120.8625,35.3261823681993,531
"532",26,304,1658,485,-120.695833333333,35.1761823681993,532
"533",24,9,1625,461,-120.895833333333,35.4511823681993,533
"534",16,11,1658,485,-120.695833333333,35.1761823681993,534
"535",17,283,1659,486,-120.6875,35.167849034866,535
"536",13,113,1658,485,-120.695833333333,35.1761823681993,536
"537",16,9,1626,461,-120.895833333333,35.442849034866,537
"538",16,78,1658,485,-120.695833333333,35.1761823681993,538
"539",21,21,1659,485,-120.695833333333,35.167849034866,539
"540",10,233,1658,485,-120.695833333333,35.1761823681993,540
"541",21,50,1625,461,-120.895833333333,35.4511823681993,541
"542",22,42,1659,486,-120.6875,35.167849034866,542
"543",12,41,1659,486,-120.6875,35.167849034866,543
"544",15,53,1658,485,-120.695833333333,35.1761823681993,544
"545",13,7,1659,486,-120.6875,35.167849034866,545
"546",23,36,1658,485,-120.695833333333,35.1761823681993,546
"547",27,135,1659,486,-120.6875,35.167849034866,547
"548",25,211,1659,485,-120.695833333333,35.167849034866,548
"549",21,328,1659,486,-120.6875,35.167849034866,549
"550",23,14,1658,485,-120.695833333333,35.1761823681993,550
"551",13,15,1659,486,-120.6875,35.167849034866,551
"552",20,66,1658,485,-120.695833333333,35.1761823681993,552
"553",16,83,1658,485,-120.695833333333,35.1761823681993,553
"554",26,305,1659,486,-120.6875,35.167849034866,554
"555",26,135,1659,485,-120.695833333333,35.167849034866,555
"556",20,14,1628,465,-120.8625,35.4261823681993,556
"557",29,245,1629,466,-120.854166666667,35.417849034866,557
"558",27,86,1626,461,-120.895833333333,35.442849034866,558
"559",16,35,1625,461,-120.895833333333,35.4511823681993,559
"560",16,32,1659,486,-120.6875,35.167849034866,560
"561",25,109,1632,466,-120.854166666667,35.3928490348659,561
"562",32,45,1658,485,-120.695833333333,35.1761823681993,562
"563",22,8,1659,486,-120.6875,35.167849034866,563
"564",21,26,1658,485,-120.695833333333,35.1761823681993,564
"565",11,45,1659,485,-120.695833333333,35.167849034866,565
"566",10,305,1659,486,-120.6875,35.167849034866,566
"567",24,432,1658,485,-120.695833333333,35.1761823681993,567
"568",18,6,1659,486,-120.6875,35.167849034866,568
"569",28,83,1659,486,-120.6875,35.167849034866,569
"570",15,10,1611,439,-121.079166666667,35.567849034866,570
"571",23,157,1658,485,-120.695833333333,35.1761823681993,571
"572",23,7,1659,485,-120.695833333333,35.167849034866,572
"573",28,309,1629,466,-120.854166666667,35.417849034866,573
"574",12,281,1629,465,-120.8625,35.417849034866,574
"575",16,42,1658,485,-120.695833333333,35.1761823681993,575
"576",13,567,1658,485,-120.695833333333,35.1761823681993,576
"577",22,210,1659,486,-120.6875,35.167849034866,577
"578",28,54,1658,485,-120.695833333333,35.1761823681993,578
"579",18,80,1658,485,-120.695833333333,35.1761823681993,579
"580",28,53,1659,486,-120.6875,35.167849034866,580
"581",26,218,1658,485,-120.695833333333,35.1761823681993,581
"582",17,31,1659,486,-120.6875,35.167849034866,582
"583",20,14,1628,465,-120.8625,35.4261823681993,583
"584",26,165,1659,485,-120.695833333333,35.167849034866,584
"585",32,45,1658,485,-120.695833333333,35.1761823681993,585
"586",22,121,1659,486,-120.6875,35.167849034866,586
"587",19,10,1658,485,-120.695833333333,35.1761823681993,587
"588",20,53,1659,485,-120.695833333333,35.167849034866,588
"589",12,27,1658,485,-120.695833333333,35.1761823681993,589
"590",26,165,1659,485,-120.695833333333,35.167849034866,590
"591",22,166,1659,486,-120.6875,35.167849034866,591
"592",29,45,1659,485,-120.695833333333,35.167849034866,592
"593",13,111,1632,466,-120.854166666667,35.3928490348659,593
"594",24,59,1628,464,-120.870833333333,35.4261823681993,594
"595",23,33,1659,485,-120.695833333333,35.167849034866,595
"596",17,109,1658,485,-120.695833333333,35.1761823681993,596
"597",14,574,1659,486,-120.6875,35.167849034866,597
"598",22,46,1658,485,-120.695833333333,35.1761823681993,598
"599",27,60,1631,465,-120.8625,35.4011823681993,599
"600",21,328,1659,486,-120.6875,35.167849034866,600
"601",19,56,1659,486,-120.6875,35.167849034866,601
"602",25,236,1658,485,-120.695833333333,35.1761823681993,602
"603",23,140,1659,486,-120.6875,35.167849034866,603
"604",20,14,1628,465,-120.8625,35.4261823681993,604
"605",20,14,1628,465,-120.8625,35.4261823681993,605
"606",14,5,1659,486,-120.6875,35.167849034866,606
"607",13,114,1631,466,-120.854166666667,35.4011823681993,607
"608",19,5,1658,485,-120.695833333333,35.1761823681993,608
"609",23,368,1659,485,-120.695833333333,35.167849034866,609
"610",15,23,1659,486,-120.6875,35.167849034866,610
"611",30,19,1658,485,-120.695833333333,35.1761823681993,611
"612",19,13,1659,486,-120.6875,35.167849034866,612
"613",24,226,1659,486,-120.6875,35.167849034866,613
"614",24,36,1658,485,-120.695833333333,35.1761823681993,614
"615",26,63,1659,485,-120.695833333333,35.167849034866,615
"616",18,25,1629,466,-120.854166666667,35.417849034866,616
"617",12,6,1658,485,-120.695833333333,35.1761823681993,617
"618",18,46,1658,485,-120.695833333333,35.1761823681993,618
"619",23,257,1659,485,-120.695833333333,35.167849034866,619
"620",44,39,1612,439,-121.079166666667,35.5595157015326,620
"621",22,10,1658,485,-120.695833333333,35.1761823681993,621
"622",15,109,1659,486,-120.6875,35.167849034866,622
"623",28,49,1628,465,-120.8625,35.4261823681993,623
"624",17,37,1632,466,-120.854166666667,35.3928490348659,624
"625",19,13,1659,486,-120.6875,35.167849034866,625
"626",22,193,1659,486,-120.6875,35.167849034866,626
"627",22,10,1658,485,-120.695833333333,35.1761823681993,627
"628",28,50,1628,464,-120.870833333333,35.4261823681993,628
"629",20,17,1658,485,-120.695833333333,35.1761823681993,629
"630",25,58,1659,486,-120.6875,35.167849034866,630
"631",13,7,1659,486,-120.6875,35.167849034866,631
"632",16,539,1628,465,-120.8625,35.4261823681993,632
"633",30,32,1658,485,-120.695833333333,35.1761823681993,633
"634",24,10,1658,485,-120.695833333333,35.1761823681993,634
"635",24,30,1611,438,-121.0875,35.567849034866,635
"636",22,46,1658,485,-120.695833333333,35.1761823681993,636
"637",25,307,1658,485,-120.695833333333,35.1761823681993,637
"638",20,14,1628,465,-120.8625,35.4261823681993,638
"639",12,60,1659,486,-120.6875,35.167849034866,639
"640",14,231,1631,466,-120.854166666667,35.4011823681993,640
"641",24,181,1626,462,-120.8875,35.442849034866,641
"642",24,296,1640,465,-120.8625,35.3261823681993,642
"643",25,234,1658,485,-120.695833333333,35.1761823681993,643
"644",23,253,1659,485,-120.695833333333,35.167849034866,644
"645",22,66,1659,486,-120.6875,35.167849034866,645
"646",11,86,1659,486,-120.6875,35.167849034866,646
"647",19,73,1658,485,-120.695833333333,35.1761823681993,647
"648",21,57,1658,485,-120.695833333333,35.1761823681993,648
"649",23,53,1658,485,-120.695833333333,35.1761823681993,649
"650",18,55,1659,486,-120.6875,35.167849034866,650
"651",18,275,1658,485,-120.695833333333,35.1761823681993,651
"652",28,225,1629,466,-120.854166666667,35.417849034866,652
"653",16,9,1659,486,-120.6875,35.167849034866,653
"654",22,127,1626,462,-120.8875,35.442849034866,654
"655",24,117,1640,465,-120.8625,35.3261823681993,655
"656",26,15,1629,466,-120.854166666667,35.417849034866,656
"657",24,358,1628,465,-120.8625,35.4261823681993,657
"658",16,78,1658,485,-120.695833333333,35.1761823681993,658
"659",26,7,1632,465,-120.8625,35.3928490348659,659
"660",26,135,1659,485,-120.695833333333,35.167849034866,660
"661",23,14,1658,485,-120.695833333333,35.1761823681993,661
"662",21,21,1659,485,-120.695833333333,35.167849034866,662
"663",22,259,1658,485,-120.695833333333,35.1761823681993,663
"664",27,24,1658,485,-120.695833333333,35.1761823681993,664
"665",16,333,1658,485,-120.695833333333,35.1761823681993,665
"666",18,294,1658,485,-120.695833333333,35.1761823681993,666
"667",16,11,1628,464,-120.870833333333,35.4261823681993,667
"668",11,118,1659,486,-120.6875,35.167849034866,668
"669",26,14,1658,485,-120.695833333333,35.1761823681993,669
"670",18,103,1659,486,-120.6875,35.167849034866,670
"671",17,283,1659,486,-120.6875,35.167849034866,671
"672",23,227,1625,461,-120.895833333333,35.4511823681993,672
"673",22,168,1659,486,-120.6875,35.167849034866,673
"674",12,308,1640,465,-120.8625,35.3261823681993,674
"675",20,14,1628,465,-120.8625,35.4261823681993,675
"676",13,559,1658,485,-120.695833333333,35.1761823681993,676
"677",26,121,1658,485,-120.695833333333,35.1761823681993,677
"678",23,14,1658,485,-120.695833333333,35.1761823681993,678
"679",29,226,1631,466,-120.854166666667,35.4011823681993,679
"680",21,390,1659,486,-120.6875,35.167849034866,680
"681",30,65,1659,485,-120.695833333333,35.167849034866,681
"682",21,21,1659,485,-120.695833333333,35.167849034866,682
"683",17,36,1659,486,-120.6875,35.167849034866,683
"684",18,6,1658,485,-120.695833333333,35.1761823681993,684
"685",27,15,1658,485,-120.695833333333,35.1761823681993,685
"686",23,4,1659,486,-120.6875,35.167849034866,686
"687",21,21,1659,485,-120.695833333333,35.167849034866,687
"688",24,55,1612,439,-121.079166666667,35.5595157015326,688
"689",22,9,1659,486,-120.6875,35.167849034866,689
"690",27,275,1659,486,-120.6875,35.167849034866,690
"691",30,182,1659,486,-120.6875,35.167849034866,691
"692",12,42,1659,485,-120.695833333333,35.167849034866,692
"693",26,305,1659,486,-120.6875,35.167849034866,693
"694",26,15,1629,466,-120.854166666667,35.417849034866,694
"695",30,32,1658,485,-120.695833333333,35.1761823681993,695
"696",26,305,1659,486,-120.6875,35.167849034866,696
"697",17,48,1659,486,-120.6875,35.167849034866,697
"698",13,138,1640,465,-120.8625,35.3261823681993,698
"699",23,4,1659,486,-120.6875,35.167849034866,699
"700",25,51,1658,485,-120.695833333333,35.1761823681993,700
"701",25,272,1659,485,-120.695833333333,35.167849034866,701
"702",28,57,1659,486,-120.6875,35.167849034866,702
"703",12,489,1640,465,-120.8625,35.3261823681993,703
"704",23,360,1659,485,-120.695833333333,35.167849034866,704
"705",28,7,1658,485,-120.695833333333,35.1761823681993,705
"706",19,73,1658,485,-120.695833333333,35.1761823681993,706
"707",13,42,1659,486,-120.6875,35.167849034866,707
"708",26,15,1629,466,-120.854166666667,35.417849034866,708
"709",17,270,1659,486,-120.6875,35.167849034866,709
"710",28,60,1659,485,-120.695833333333,35.167849034866,710
"711",24,21,1632,465,-120.8625,35.3928490348659,711
"712",23,16,1659,485,-120.695833333333,35.167849034866,712
"713",14,10,1658,485,-120.695833333333,35.1761823681993,713
"714",27,110,1659,486,-120.6875,35.167849034866,714
"715",19,204,1632,466,-120.854166666667,35.3928490348659,715
"716",17,333,1640,465,-120.8625,35.3261823681993,716
"717",23,128,1659,485,-120.695833333333,35.167849034866,717
"718",18,12,1659,486,-120.6875,35.167849034866,718
"719",12,173,1659,486,-120.6875,35.167849034866,719
"720",18,122,1659,486,-120.6875,35.167849034866,720
"721",27,135,1659,486,-120.6875,35.167849034866,721
"722",17,38,1658,485,-120.695833333333,35.1761823681993,722
"723",27,35,1659,486,-120.6875,35.167849034866,723
"724",63,614,214,236,-122.770833333333,47.2095157015326,724
"725",16,443,1658,485,-120.695833333333,35.1761823681993,725
"726",14,5,1659,486,-120.6875,35.167849034866,726
"727",28,350,1611,439,-121.079166666667,35.567849034866,727
"728",23,56,1658,485,-120.695833333333,35.1761823681993,728
"729",18,46,1659,486,-120.6875,35.167849034866,729
"730",28,250,1629,466,-120.854166666667,35.417849034866,730
"731",26,15,1629,466,-120.854166666667,35.417849034866,731
"732",15,18,1658,485,-120.695833333333,35.1761823681993,732
"733",12,62,1659,486,-120.6875,35.167849034866,733
"734",17,19,1658,485,-120.695833333333,35.1761823681993,734
"735",22,106,1659,486,-120.6875,35.167849034866,735
"736",26,288,1658,485,-120.695833333333,35.1761823681993,736
"737",21,20,1626,462,-120.8875,35.442849034866,737
"738",30,23,1658,485,-120.695833333333,35.1761823681993,738
"739",26,15,1629,466,-120.854166666667,35.417849034866,739
"740",24,30,1611,438,-121.0875,35.567849034866,740
"741",19,18,1629,466,-120.854166666667,35.417849034866,741
"742",26,296,1658,485,-120.695833333333,35.1761823681993,742
"743",24,353,1626,462,-120.8875,35.442849034866,743
"744",17,291,1640,465,-120.8625,35.3261823681993,744
"745",28,104,1658,485,-120.695833333333,35.1761823681993,745
"746",16,265,1612,439,-121.079166666667,35.5595157015326,746
"747",16,22,1628,464,-120.870833333333,35.4261823681993,747
"748",20,14,1628,465,-120.8625,35.4261823681993,748
"749",17,283,1659,486,-120.6875,35.167849034866,749
"750",11,20,1658,485,-120.695833333333,35.1761823681993,750
"751",23,20,1658,485,-120.695833333333,35.1761823681993,751
"752",20,14,1628,465,-120.8625,35.4261823681993,752
"753",18,10,1628,465,-120.8625,35.4261823681993,753
"754",13,67,1659,485,-120.695833333333,35.167849034866,754
"755",28,207,1629,466,-120.854166666667,35.417849034866,755
"756",26,552,1658,485,-120.695833333333,35.1761823681993,756
"757",30,48,1659,486,-120.6875,35.167849034866,757
"758",16,78,1658,485,-120.695833333333,35.1761823681993,758
"759",22,74,1640,465,-120.8625,35.3261823681993,759
"760",24,160,1626,462,-120.8875,35.442849034866,760
"761",17,283,1659,486,-120.6875,35.167849034866,761
"762",20,11,1659,485,-120.695833333333,35.167849034866,762
"763",17,109,1658,485,-120.695833333333,35.1761823681993,763
"764",24,57,1659,485,-120.695833333333,35.167849034866,764
"765",23,39,1659,486,-120.6875,35.167849034866,765
"766",18,174,1658,485,-120.695833333333,35.1761823681993,766
"767",22,16,1658,485,-120.695833333333,35.1761823681993,767
"768",27,248,1640,465,-120.8625,35.3261823681993,768
"769",18,47,1658,485,-120.695833333333,35.1761823681993,769
"770",26,14,1629,466,-120.854166666667,35.417849034866,770
"771",30,13,1658,485,-120.695833333333,35.1761823681993,771
"772",27,48,1629,466,-120.854166666667,35.417849034866,772
"773",31,267,1612,439,-121.079166666667,35.5595157015326,773
"774",20,29,1658,485,-120.695833333333,35.1761823681993,774
"775",18,225,1658,485,-120.695833333333,35.1761823681993,775
"776",26,165,1659,485,-120.695833333333,35.167849034866,776
"777",19,270,1658,485,-120.695833333333,35.1761823681993,777
"778",16,73,1658,485,-120.695833333333,35.1761823681993,778
"779",17,77,1658,485,-120.695833333333,35.1761823681993,779
"780",18,21,1625,461,-120.895833333333,35.4511823681993,780
"781",20,14,1628,465,-120.8625,35.4261823681993,781
"782",26,10,1658,485,-120.695833333333,35.1761823681993,782
"783",12,271,1640,465,-120.8625,35.3261823681993,783
"784",28,104,1658,485,-120.695833333333,35.1761823681993,784
"785",17,24,1658,485,-120.695833333333,35.1761823681993,785
"786",19,5,1658,485,-120.695833333333,35.1761823681993,786
"787",29,97,1659,486,-120.6875,35.167849034866,787
"788",22,7,1658,485,-120.695833333333,35.1761823681993,788
"789",23,6,1658,485,-120.695833333333,35.1761823681993,789
"790",18,61,1658,485,-120.695833333333,35.1761823681993,790
"791",22,160,1659,486,-120.6875,35.167849034866,791
"792",27,103,1626,462,-120.8875,35.442849034866,792
"793",18,179,1659,486,-120.6875,35.167849034866,793
"794",30,182,1659,486,-120.6875,35.167849034866,794
"795",29,52,1629,466,-120.854166666667,35.417849034866,795
"796",21,21,1659,485,-120.695833333333,35.167849034866,796
"797",29,74,1658,485,-120.695833333333,35.1761823681993,797
"798",21,21,1659,485,-120.695833333333,35.167849034866,798
"799",25,234,1658,485,-120.695833333333,35.1761823681993,799
"800",23,56,1658,485,-120.695833333333,35.1761823681993,800
"801",26,15,1629,466,-120.854166666667,35.417849034866,801
"802",18,139,1658,485,-120.695833333333,35.1761823681993,802
"803",23,132,1658,485,-120.695833333333,35.1761823681993,803
"804",12,6,1658,485,-120.695833333333,35.1761823681993,804
"805",26,187,1658,485,-120.695833333333,35.1761823681993,805
"806",10,84,1659,485,-120.695833333333,35.167849034866,806
"807",15,8,1625,461,-120.895833333333,35.4511823681993,807
"808",23,169,1629,465,-120.8625,35.417849034866,808
"809",18,18,1658,485,-120.695833333333,35.1761823681993,809
"810",63,614,214,236,-122.770833333333,47.2095157015326,810
"811",15,10,1658,485,-120.695833333333,35.1761823681993,811
"812",24,122,1658,485,-120.695833333333,35.1761823681993,812
"813",21,29,1659,485,-120.695833333333,35.167849034866,813
"814",18,98,1659,486,-120.6875,35.167849034866,814
"815",16,6,1659,486,-120.6875,35.167849034866,815
"816",13,389,1640,465,-120.8625,35.3261823681993,816
"817",26,26,1658,485,-120.695833333333,35.1761823681993,817
"818",22,260,1658,485,-120.695833333333,35.1761823681993,818
"819",17,337,1658,485,-120.695833333333,35.1761823681993,819
"820",29,45,1659,485,-120.695833333333,35.167849034866,820
"821",29,45,1659,485,-120.695833333333,35.167849034866,821
"822",19,106,1659,486,-120.6875,35.167849034866,822
"823",20,14,1628,465,-120.8625,35.4261823681993,823
"824",16,135,1629,466,-120.854166666667,35.417849034866,824
"825",25,211,1659,485,-120.695833333333,35.167849034866,825
"826",26,15,1629,466,-120.854166666667,35.417849034866,826
"827",23,56,1658,485,-120.695833333333,35.1761823681993,827
"828",17,109,1658,485,-120.695833333333,35.1761823681993,828
"829",26,14,1628,465,-120.8625,35.4261823681993,829
"830",24,266,1640,465,-120.8625,35.3261823681993,830
"831",16,12,1658,485,-120.695833333333,35.1761823681993,831
"832",22,166,1659,486,-120.6875,35.167849034866,832
"833",15,225,1659,486,-120.6875,35.167849034866,833
"834",12,173,1659,486,-120.6875,35.167849034866,834
"835",25,49,1658,485,-120.695833333333,35.1761823681993,835
"836",26,174,1631,466,-120.854166666667,35.4011823681993,836
"837",26,135,1659,485,-120.695833333333,35.167849034866,837
"838",31,169,1640,465,-120.8625,35.3261823681993,838
"839",27,54,1659,486,-120.6875,35.167849034866,839
"840",24,37,1658,485,-120.695833333333,35.1761823681993,840
"841",20,14,1628,465,-120.8625,35.4261823681993,841
"842",26,289,1640,465,-120.8625,35.3261823681993,842
"843",22,371,1659,486,-120.6875,35.167849034866,843
"844",23,227,1625,461,-120.895833333333,35.4511823681993,844
"845",16,73,1658,485,-120.695833333333,35.1761823681993,845
"846",29,69,1658,485,-120.695833333333,35.1761823681993,846
"847",26,169,1659,486,-120.6875,35.167849034866,847
"848",22,170,1659,486,-120.6875,35.167849034866,848
"849",25,307,1658,485,-120.695833333333,35.1761823681993,849
"850",23,356,1658,485,-120.695833333333,35.1761823681993,850
"851",22,166,1659,486,-120.6875,35.167849034866,851
"852",29,47,1658,485,-120.695833333333,35.1761823681993,852
"853",24,32,1659,485,-120.695833333333,35.167849034866,853
"854",30,13,1658,485,-120.695833333333,35.1761823681993,854
"855",23,287,1659,486,-120.6875,35.167849034866,855
"856",27,8,1659,486,-120.6875,35.167849034866,856
"857",29,8,1659,486,-120.6875,35.167849034866,857
"858",16,83,1658,485,-120.695833333333,35.1761823681993,858
"859",28,51,1658,485,-120.695833333333,35.1761823681993,859
"860",23,157,1658,485,-120.695833333333,35.1761823681993,860
"861",22,108,1628,465,-120.8625,35.4261823681993,861
"862",22,160,1659,486,-120.6875,35.167849034866,862
"863",16,78,1658,485,-120.695833333333,35.1761823681993,863
"864",22,6,1658,485,-120.695833333333,35.1761823681993,864
"865",27,48,1659,486,-120.6875,35.167849034866,865
"866",19,85,1659,485,-120.695833333333,35.167849034866,866
"867",22,279,1659,485,-120.695833333333,35.167849034866,867
"868",24,315,1612,439,-121.079166666667,35.5595157015326,868
"869",20,14,1628,465,-120.8625,35.4261823681993,869
"870",16,11,1628,464,-120.870833333333,35.4261823681993,870
"871",27,7,1625,461,-120.895833333333,35.4511823681993,871
"872",26,7,1632,465,-120.8625,35.3928490348659,872
"873",13,5,1658,485,-120.695833333333,35.1761823681993,873
"874",23,38,1659,486,-120.6875,35.167849034866,874
"875",16,28,1659,486,-120.6875,35.167849034866,875
"876",27,27,1659,485,-120.695833333333,35.167849034866,876
"877",24,27,1659,486,-120.6875,35.167849034866,877
"878",30,13,1658,485,-120.695833333333,35.1761823681993,878
"879",26,308,1658,485,-120.695833333333,35.1761823681993,879
"880",23,14,1659,486,-120.6875,35.167849034866,880
"881",20,10,1659,486,-120.6875,35.167849034866,881
"882",26,169,1659,486,-120.6875,35.167849034866,882
"883",17,403,1658,485,-120.695833333333,35.1761823681993,883
"884",25,307,1658,485,-120.695833333333,35.1761823681993,884
"885",14,93,1626,462,-120.8875,35.442849034866,885
"886",23,5,1659,486,-120.6875,35.167849034866,886
"887",26,174,1631,466,-120.854166666667,35.4011823681993,887
"888",29,64,1659,486,-120.6875,35.167849034866,888
"889",14,33,1659,485,-120.695833333333,35.167849034866,889
"890",32,506,1640,465,-120.8625,35.3261823681993,890
"891",22,158,1659,486,-120.6875,35.167849034866,891
"892",18,225,1658,485,-120.695833333333,35.1761823681993,892
"893",22,124,1659,486,-120.6875,35.167849034866,893
"894",21,13,1659,486,-120.6875,35.167849034866,894
"895",14,80,1659,486,-120.6875,35.167849034866,895
"896",30,153,1632,465,-120.8625,35.3928490348659,896
"897",22,10,1629,465,-120.8625,35.417849034866,897
"898",30,102,1659,485,-120.695833333333,35.167849034866,898
"899",18,98,1659,486,-120.6875,35.167849034866,899
"900",27,91,1659,486,-120.6875,35.167849034866,900
"901",19,230,1659,486,-120.6875,35.167849034866,901
"902",29,8,1659,486,-120.6875,35.167849034866,902
"903",28,5,1626,462,-120.8875,35.442849034866,903
"904",25,72,1659,486,-120.6875,35.167849034866,904
"905",14,5,1659,486,-120.6875,35.167849034866,905
"906",30,80,1659,485,-120.695833333333,35.167849034866,906
"907",28,56,1658,485,-120.695833333333,35.1761823681993,907
"908",26,93,1658,485,-120.695833333333,35.1761823681993,908
"909",16,564,1659,486,-120.6875,35.167849034866,909
"910",13,33,1658,485,-120.695833333333,35.1761823681993,910
"911",22,259,1658,485,-120.695833333333,35.1761823681993,911
"912",13,314,1659,486,-120.6875,35.167849034866,912
"913",26,174,1629,466,-120.854166666667,35.417849034866,913
"914",30,571,1640,465,-120.8625,35.3261823681993,914
"915",14,14,1659,486,-120.6875,35.167849034866,915
"916",27,7,1625,461,-120.895833333333,35.4511823681993,916
"917",22,259,1658,485,-120.695833333333,35.1761823681993,917
"918",23,34,1625,461,-120.895833333333,35.4511823681993,918
"919",28,7,1658,485,-120.695833333333,35.1761823681993,919
"920",20,37,1659,485,-120.695833333333,35.167849034866,920
"921",21,21,1659,485,-120.695833333333,35.167849034866,921
"922",24,329,1612,439,-121.079166666667,35.5595157015326,922
"923",26,16,1626,462,-120.8875,35.442849034866,923
"924",16,560,1659,486,-120.6875,35.167849034866,924
"925",27,275,1659,486,-120.6875,35.167849034866,925
"926",17,28,1658,485,-120.695833333333,35.1761823681993,926
"927",20,14,1628,465,-120.8625,35.4261823681993,927
"928",23,233,1658,485,-120.695833333333,35.1761823681993,928
"929",18,225,1658,485,-120.695833333333,35.1761823681993,929
"930",25,272,1659,485,-120.695833333333,35.167849034866,930
"931",29,568,1658,485,-120.695833333333,35.1761823681993,931
"932",22,66,1659,486,-120.6875,35.167849034866,932
"933",22,206,1658,485,-120.695833333333,35.1761823681993,933
"934",17,291,1640,465,-120.8625,35.3261823681993,934
"935",24,606,1658,485,-120.695833333333,35.1761823681993,935
"936",13,7,1659,486,-120.6875,35.167849034866,936
"937",29,64,1659,486,-120.6875,35.167849034866,937
"938",17,283,1659,486,-120.6875,35.167849034866,938
"939",17,283,1659,486,-120.6875,35.167849034866,939
"940",13,93,1658,485,-120.695833333333,35.1761823681993,940
"941",29,47,1658,485,-120.695833333333,35.1761823681993,941
"942",18,36,1659,486,-120.6875,35.167849034866,942
"943",18,26,1658,485,-120.695833333333,35.1761823681993,943
"944",26,123,1626,461,-120.895833333333,35.442849034866,944
"945",22,12,1658,485,-120.695833333333,35.1761823681993,945
"946",26,187,1658,485,-120.695833333333,35.1761823681993,946
"947",30,6,1658,485,-120.695833333333,35.1761823681993,947
"948",25,18,1632,466,-120.854166666667,35.3928490348659,948
"949",24,117,1640,465,-120.8625,35.3261823681993,949
"950",26,184,1659,485,-120.695833333333,35.167849034866,950
"951",26,15,1629,466,-120.854166666667,35.417849034866,951
"952",24,266,1640,465,-120.8625,35.3261823681993,952
"953",23,36,1658,485,-120.695833333333,35.1761823681993,953
"954",20,39,1659,485,-120.695833333333,35.167849034866,954
"955",13,15,1659,486,-120.6875,35.167849034866,955
"956",26,135,1659,485,-120.695833333333,35.167849034866,956
"957",12,62,1659,486,-120.6875,35.167849034866,957
"958",22,10,1658,485,-120.695833333333,35.1761823681993,958
"959",12,42,1659,486,-120.6875,35.167849034866,959
"960",17,31,1659,486,-120.6875,35.167849034866,960
"961",15,53,1658,485,-120.695833333333,35.1761823681993,961
"962",27,33,1659,485,-120.695833333333,35.167849034866,962
"963",17,53,1659,485,-120.695833333333,35.167849034866,963
"964",22,127,1626,462,-120.8875,35.442849034866,964
"965",23,205,1658,485,-120.695833333333,35.1761823681993,965
"966",22,16,1658,485,-120.695833333333,35.1761823681993,966
"967",12,42,1659,486,-120.6875,35.167849034866,967
"968",19,16,1659,485,-120.695833333333,35.167849034866,968
"969",27,588,1628,465,-120.8625,35.4261823681993,969
"970",26,121,1658,485,-120.695833333333,35.1761823681993,970
"971",30,102,1659,485,-120.695833333333,35.167849034866,971
"972",17,528,1658,485,-120.695833333333,35.1761823681993,972
"973",28,301,1659,486,-120.6875,35.167849034866,973
"974",28,59,1625,461,-120.895833333333,35.4511823681993,974
"975",16,9,1626,461,-120.895833333333,35.442849034866,975
"976",17,286,1640,465,-120.8625,35.3261823681993,976
"977",23,53,1658,485,-120.695833333333,35.1761823681993,977
"978",13,34,1629,466,-120.854166666667,35.417849034866,978
"979",12,389,1640,465,-120.8625,35.3261823681993,979
"980",22,158,1659,486,-120.6875,35.167849034866,980
"981",27,7,1625,461,-120.895833333333,35.4511823681993,981
"982",23,41,1658,485,-120.695833333333,35.1761823681993,982
"983",24,41,1628,464,-120.870833333333,35.4261823681993,983
"984",15,49,1658,485,-120.695833333333,35.1761823681993,984
"985",26,54,1631,465,-120.8625,35.4011823681993,985
"986",17,389,1658,485,-120.695833333333,35.1761823681993,986
"987",63,614,125,279,-122.4125,47.9511823681993,987
"988",24,32,1659,485,-120.695833333333,35.167849034866,988
"989",16,16,1658,485,-120.695833333333,35.1761823681993,989
"990",24,160,1626,462,-120.8875,35.442849034866,990
"991",14,12,1659,486,-120.6875,35.167849034866,991
"992",19,85,1659,485,-120.695833333333,35.167849034866,992
"993",29,64,1659,486,-120.6875,35.167849034866,993
"994",21,390,1659,486,-120.6875,35.167849034866,994
"995",29,568,1658,485,-120.695833333333,35.1761823681993,995
"996",26,92,1629,466,-120.854166666667,35.417849034866,996
"997",22,184,1611,439,-121.079166666667,35.567849034866,997
"998",17,240,1640,465,-120.8625,35.3261823681993,998
"999",26,184,1632,466,-120.854166666667,35.3928490348659,999
"1000",19,42,1658,485,-120.695833333333,35.1761823681993,1000
